category	file	region	slug	parser_ok	current_path	issues
02_作成済み	七ツ島_テンプレート.txt	七ツ島	nanatsujima	yes	\\192.168.1.3\disk1\FSG_SEO\candy\HP\Text_area_data\分類_20260716_115215\01_間違い無し\七ツ島_テンプレート.txt	作成済み: existing shared registration: HP/source/area.html
09_複合問題	三和町_テンプレート.txt	三和町	sanwacho	yes	\\192.168.1.3\disk1\FSG_SEO\candy\HP\Text_area_data\分類_20260716_115215\01_間違い無し\三和町_テンプレート.txt	作成済み: existing page artifact: HP/kagoshima-deliveryhealth-area-sanwacho.php / 作成済み: existing page artifact: HP/source/kagoshima-deliveryhealth-area-sanwacho.html / 作成済み: existing page artifact: HP/includefile/dataset_kagoshima-deliveryhealth-area-sanwacho.php / 一覧名違い: area list same-region slug mismatch: canonical=sanwacho existing_region_slugs=miwacho / 作成済み: existing shared registration: HP/includefile/dataset_base.php
09_複合問題	上之園町_テンプレート.txt	上之園町	uenosonocho	yes	\\192.168.1.3\disk1\FSG_SEO\candy\HP\Text_area_data\分類_20260716_115215\01_間違い無し\上之園町_テンプレート.txt	未管理: direct input is not tracked in HEAD: HP/Text_area_data/上之園町_テンプレート.txt / 作成済み: existing page artifact: HP/kagoshima-deliveryhealth-area-uenosonocho.php / 作成済み: existing page artifact: HP/source/kagoshima-deliveryhealth-area-uenosonocho.html / 作成済み: existing page artifact: HP/includefile/dataset_kagoshima-deliveryhealth-area-uenosonocho.php / 作成済み: existing shared registration: HP/source/area.html / 作成済み: existing shared registration: HP/sitemap.xml
09_複合問題	上本町_テンプレート.txt	上本町	kamihonmachi	yes	\\192.168.1.3\disk1\FSG_SEO\candy\HP\Text_area_data\分類_20260716_115215\01_間違い無し\上本町_テンプレート.txt	作成済み: existing page artifact: HP/kagoshima-deliveryhealth-area-kamihonmachi.php / 作成済み: existing page artifact: HP/includefile/dataset_kagoshima-deliveryhealth-area-kamihonmachi.php / 一覧名違い: area list same-region slug mismatch: canonical=kamihonmachi existing_region_slugs=uehonmachi / 作成済み: existing shared registration: HP/includefile/dataset_base.php
02_作成済み	上福元町_テンプレート.txt	上福元町	kamifukumotocho	yes	\\192.168.1.3\disk1\FSG_SEO\candy\HP\Text_area_data\分類_20260716_115215\01_間違い無し\上福元町_テンプレート.txt	作成済み: existing page artifact: HP/kagoshima-deliveryhealth-area-kamifukumotocho.php / 作成済み: existing page artifact: HP/includefile/dataset_kagoshima-deliveryhealth-area-kamifukumotocho.php / 作成済み: existing shared registration: HP/includefile/dataset_base.php / 作成済み: existing shared registration: HP/source/area.html
09_複合問題	上竜尾町_テンプレート.txt	上竜尾町	kamitatsuocho	yes	\\192.168.1.3\disk1\FSG_SEO\candy\HP\Text_area_data\分類_20260716_115215\01_間違い無し\上竜尾町_テンプレート.txt	作成済み: existing page artifact: HP/kagoshima-deliveryhealth-area-kamitatsuocho.php / 作成済み: existing page artifact: HP/includefile/dataset_kagoshima-deliveryhealth-area-kamitatsuocho.php / 一覧名違い: area list same-region slug mismatch: canonical=kamitatsuocho existing_region_slugs=kamiryubiocho / 作成済み: existing shared registration: HP/includefile/dataset_base.php
09_複合問題	上荒田町_テンプレート.txt	上荒田町	uearatacho	yes	\\192.168.1.3\disk1\FSG_SEO\candy\HP\Text_area_data\分類_20260716_115215\01_間違い無し\上荒田町_テンプレート.txt	未管理: direct input is not tracked in HEAD: HP/Text_area_data/上荒田町_テンプレート.txt / 作成済み: existing page artifact: HP/kagoshima-deliveryhealth-area-uearatacho.php / 作成済み: existing page artifact: HP/source/kagoshima-deliveryhealth-area-uearatacho.html / 作成済み: existing page artifact: HP/includefile/dataset_kagoshima-deliveryhealth-area-uearatacho.php / 作成済み: existing shared registration: HP/source/area.html / 作成済み: existing shared registration: HP/sitemap.xml
02_作成済み	上谷口町_テンプレート.txt	上谷口町	kamitaniguchicho	yes	\\192.168.1.3\disk1\FSG_SEO\candy\HP\Text_area_data\分類_20260716_115215\01_間違い無し\上谷口町_テンプレート.txt	作成済み: existing page artifact: HP/kagoshima-deliveryhealth-area-kamitaniguchicho.php / 作成済み: existing page artifact: HP/includefile/dataset_kagoshima-deliveryhealth-area-kamitaniguchicho.php / 作成済み: existing shared registration: HP/includefile/dataset_base.php / 作成済み: existing shared registration: HP/source/area.html
09_複合問題	下伊敷町_テンプレート.txt	下伊敷町	shimoishikicho	yes	\\192.168.1.3\disk1\FSG_SEO\candy\HP\Text_area_data\分類_20260716_115215\01_間違い無し\下伊敷町_テンプレート.txt	未管理: direct input is not tracked in HEAD: HP/Text_area_data/下伊敷町_テンプレート.txt / 作成済み: existing page artifact: HP/kagoshima-deliveryhealth-area-shimoishikicho.php / 作成済み: existing page artifact: HP/source/kagoshima-deliveryhealth-area-shimoishikicho.html / 作成済み: existing page artifact: HP/includefile/dataset_kagoshima-deliveryhealth-area-shimoishikicho.php / 作成済み: existing shared registration: HP/includefile/dataset_base.php / 作成済み: existing shared registration: HP/source/area.html
02_作成済み	下田町_テンプレート.txt	下田町	shimotacho	yes	\\192.168.1.3\disk1\FSG_SEO\candy\HP\Text_area_data\分類_20260716_115215\01_間違い無し\下田町_テンプレート.txt	作成済み: existing page artifact: HP/kagoshima-deliveryhealth-area-shimotacho.php / 作成済み: existing page artifact: HP/source/kagoshima-deliveryhealth-area-shimotacho.html / 作成済み: existing page artifact: HP/includefile/dataset_kagoshima-deliveryhealth-area-shimotacho.php / 作成済み: existing shared registration: HP/includefile/dataset_base.php / 作成済み: existing shared registration: HP/source/area.html
02_作成済み	下福元町_テンプレート.txt	下福元町	shimofukumotocho	yes	\\192.168.1.3\disk1\FSG_SEO\candy\HP\Text_area_data\分類_20260716_115215\01_間違い無し\下福元町_テンプレート.txt	作成済み: existing page artifact: HP/kagoshima-deliveryhealth-area-shimofukumotocho.php / 作成済み: existing page artifact: HP/source/kagoshima-deliveryhealth-area-shimofukumotocho.html / 作成済み: existing page artifact: HP/includefile/dataset_kagoshima-deliveryhealth-area-shimofukumotocho.php / 作成済み: existing shared registration: HP/includefile/dataset_base.php / 作成済み: existing shared registration: HP/source/area.html
09_複合問題	下竜尾町.txt	下竜尾町	shimotatsuocho	yes	\\192.168.1.3\disk1\FSG_SEO\candy\HP\Text_area_data\分類_20260716_115215\01_間違い無し\下竜尾町.txt	作成済み: existing page artifact: HP/kagoshima-deliveryhealth-area-shimotatsuocho.php / 作成済み: existing page artifact: HP/source/kagoshima-deliveryhealth-area-shimotatsuocho.html / 作成済み: existing page artifact: HP/includefile/dataset_kagoshima-deliveryhealth-area-shimotatsuocho.php / 一覧名違い: area list same-region slug mismatch: canonical=shimotatsuocho existing_region_slugs=shimoryubiocho / 作成済み: existing shared registration: HP/includefile/dataset_base.php
09_複合問題	与次郎_テンプレート.txt	与次郎	yojiro	yes	\\192.168.1.3\disk1\FSG_SEO\candy\HP\Text_area_data\分類_20260716_115215\01_間違い無し\与次郎_テンプレート.txt	一覧名違い: area list same-region slug mismatch: canonical=yojiro existing_region_slugs=yojirou / 作成済み: existing shared registration: HP/source/area.html
02_作成済み	中央港新町_テンプレート.txt	中央港新町	chuokoshinmachi	yes	\\192.168.1.3\disk1\FSG_SEO\candy\HP\Text_area_data\中央港新町_テンプレート.txt	作成済み: existing page artifact: HP/kagoshima-deliveryhealth-area-chuokoshinmachi.php / 作成済み: existing page artifact: HP/source/kagoshima-deliveryhealth-area-chuokoshinmachi.html / 作成済み: existing page artifact: HP/includefile/dataset_kagoshima-deliveryhealth-area-chuokoshinmachi.php / 作成済み: existing shared registration: HP/includefile/dataset_base.php / 作成済み: existing shared registration: HP/source/area.html / 作成済み: existing shared registration: HP/sitemap.xml
02_作成済み	中央町_テンプレート.txt	中央町	chuocho	yes	\\192.168.1.3\disk1\FSG_SEO\candy\HP\Text_area_data\分類_20260716_115215\01_間違い無し\中央町_テンプレート.txt	作成済み: existing shared registration: HP/source/area.html
03_一覧名違い	中山_テンプレート.txt	中山	chuzan	yes	\\192.168.1.3\disk1\FSG_SEO\candy\HP\Text_area_data\分類_20260716_115215\01_間違い無し\中山_テンプレート.txt	一覧名違い: area list same-region slug mismatch: canonical=chuzan existing_region_slugs=nakayama
03_一覧名違い	中山町_テンプレート.txt	中山町	chuzancho	yes	\\192.168.1.3\disk1\FSG_SEO\candy\HP\Text_area_data\分類_20260716_115215\01_間違い無し\中山町_テンプレート.txt	一覧名違い: area list same-region slug mismatch: canonical=chuzancho existing_region_slugs=nakayamacho
03_一覧名違い	中町_テンプレート.txt	中町	nakamachi	yes	\\192.168.1.3\disk1\FSG_SEO\candy\HP\Text_area_data\分類_20260716_115215\01_間違い無し\中町_テンプレート.txt	一覧名違い: area list same-region slug mismatch: canonical=nakamachi existing_region_slugs=nakacho
02_作成済み	五ヶ別府町_テンプレート.txt	五ヶ別府町	gokabeppucho	yes	\\192.168.1.3\disk1\FSG_SEO\candy\HP\Text_area_data\分類_20260716_115215\01_間違い無し\五ヶ別府町_テンプレート.txt	作成済み: existing page artifact: HP/kagoshima-deliveryhealth-area-gokabeppucho.php / 作成済み: existing page artifact: HP/source/kagoshima-deliveryhealth-area-gokabeppucho.html / 作成済み: existing page artifact: HP/includefile/dataset_kagoshima-deliveryhealth-area-gokabeppucho.php / 作成済み: existing shared registration: HP/includefile/dataset_base.php / 作成済み: existing shared registration: HP/source/area.html
09_複合問題	伊敷.txt	aaaaaaaaaaaaaaaaaaaa	ishiki	no	\\192.168.1.3\disk1\FSG_SEO\candy\HP\Text_area_data\分類_20260716_115215\08_複合_画像無し_情報足りない_間違い\伊敷.txt	入力不備: 人気デリヘル店sceneの情報が不足しています / 情報足りない: L15 - 地図URL が未入力です（【1】地図URL） / 未管理: direct input is not tracked in HEAD: HP/Text_area_data/伊敷.txt / 作成済み: existing page artifact: HP/kagoshima-deliveryhealth-area-ishiki.php / 作成済み: existing page artifact: HP/source/kagoshima-deliveryhealth-area-ishiki.html / 作成済み: existing page artifact: HP/includefile/dataset_kagoshima-deliveryhealth-area-ishiki.php / 作成済み: existing shared registration: HP/source/area.html / 作成済み: existing shared registration: HP/sitemap.xml
09_複合問題	伊敷台_テンプレート.txt	aaaaaaaaaaaaaaaaaaaa	ishikidai	no	\\192.168.1.3\disk1\FSG_SEO\candy\HP\Text_area_data\分類_20260716_115215\08_複合_画像無し_情報足りない_間違い\伊敷台_テンプレート.txt	入力不備: template_shop.htmlにない店舗名です: 劇場団地妻 / 情報足りない: L72 未確認 / 未管理: direct input is not tracked in HEAD: HP/Text_area_data/伊敷台_テンプレート.txt / 作成済み: existing page artifact: HP/kagoshima-deliveryhealth-area-ishikidai.php / 作成済み: existing page artifact: HP/source/kagoshima-deliveryhealth-area-ishikidai.html / 作成済み: existing page artifact: HP/includefile/dataset_kagoshima-deliveryhealth-area-ishikidai.php / 作成済み: existing shared registration: HP/source/area.html / 作成済み: existing shared registration: HP/sitemap.xml
02_作成済み	住吉町_テンプレート.txt	住吉町	sumiyoshicho	yes	\\192.168.1.3\disk1\FSG_SEO\candy\HP\Text_area_data\分類_20260716_115215\01_間違い無し\住吉町_テンプレート.txt	作成済み: existing shared registration: HP/source/area.html
02_作成済み	光山_テンプレート.txt	光山	hikariyama	yes	\\192.168.1.3\disk1\FSG_SEO\candy\HP\Text_area_data\分類_20260716_115215\01_間違い無し\光山_テンプレート.txt	作成済み: existing page artifact: HP/kagoshima-deliveryhealth-area-hikariyama.php / 作成済み: existing page artifact: HP/source/kagoshima-deliveryhealth-area-hikariyama.html / 作成済み: existing page artifact: HP/includefile/dataset_kagoshima-deliveryhealth-area-hikariyama.php / 作成済み: existing shared registration: HP/includefile/dataset_base.php / 作成済み: existing shared registration: HP/source/area.html / 作成済み: existing shared registration: HP/sitemap.xml
09_複合問題	入佐町_テンプレート.txt	入佐町	irisacho	yes	\\192.168.1.3\disk1\FSG_SEO\candy\HP\Text_area_data\分類_20260716_115215\01_間違い無し\入佐町_テンプレート.txt	未管理: direct input is not tracked in HEAD: HP/Text_area_data/入佐町_テンプレート.txt / 作成済み: existing page artifact: HP/kagoshima-deliveryhealth-area-irisacho.php / 作成済み: existing page artifact: HP/source/kagoshima-deliveryhealth-area-irisacho.html / 作成済み: existing page artifact: HP/includefile/dataset_kagoshima-deliveryhealth-area-irisacho.php / 作成済み: existing shared registration: HP/source/area.html / 作成済み: existing shared registration: HP/sitemap.xml
02_作成済み	冷水町_テンプレート.txt	冷水町	hiyamizucho	yes	\\192.168.1.3\disk1\FSG_SEO\candy\HP\Text_area_data\分類_20260716_115215\01_間違い無し\冷水町_テンプレート.txt	作成済み: existing shared registration: HP/source/area.html
02_作成済み	千日町_テンプレート.txt	千日町	sennichicho	yes	\\192.168.1.3\disk1\FSG_SEO\candy\HP\Text_area_data\分類_20260716_115215\01_間違い無し\千日町_テンプレート.txt	作成済み: existing shared registration: HP/source/area.html
03_一覧名違い	南新町_テンプレート.txt	南新町	minamishinmachi	yes	\\192.168.1.3\disk1\FSG_SEO\candy\HP\Text_area_data\分類_20260716_115215\01_間違い無し\南新町_テンプレート.txt	一覧名違い: area list same-region slug mismatch: canonical=minamishinmachi existing_region_slugs=minamishimmachi
02_作成済み	南林寺町_テンプレート.txt	南林寺町	nanrinjicho	yes	\\192.168.1.3\disk1\FSG_SEO\candy\HP\Text_area_data\分類_20260716_115215\01_間違い無し\南林寺町_テンプレート.txt	作成済み: existing shared registration: HP/source/area.html
03_一覧名違い	南栄_テンプレート.txt	南栄	nanei	yes	\\192.168.1.3\disk1\FSG_SEO\candy\HP\Text_area_data\分類_20260716_115215\01_間違い無し\南栄_テンプレート.txt	一覧名違い: area list same-region slug mismatch: canonical=nanei existing_region_slugs=minamiei
02_作成済み	南郡元町_テンプレート.txt	南郡元町	minamikorimotocho	yes	\\192.168.1.3\disk1\FSG_SEO\candy\HP\Text_area_data\分類_20260716_115215\01_間違い無し\南郡元町_テンプレート.txt	作成済み: existing shared registration: HP/source/area.html
09_複合問題	卸本町_テンプレート.txt	卸本町	oroshihonmachi	yes	\\192.168.1.3\disk1\FSG_SEO\candy\HP\Text_area_data\分類_20260716_115215\01_間違い無し\卸本町_テンプレート.txt	未管理: direct input is not tracked in HEAD: HP/Text_area_data/卸本町_テンプレート.txt / 作成済み: existing shared registration: HP/source/area.html
02_作成済み	原良_テンプレート.txt	原良	harara	yes	\\192.168.1.3\disk1\FSG_SEO\candy\HP\Text_area_data\分類_20260716_115215\01_間違い無し\原良_テンプレート.txt	作成済み: existing page artifact: HP/kagoshima-deliveryhealth-area-harara.php / 作成済み: existing page artifact: HP/source/kagoshima-deliveryhealth-area-harara.html / 作成済み: existing page artifact: HP/includefile/dataset_kagoshima-deliveryhealth-area-harara.php / 作成済み: existing shared registration: HP/includefile/dataset_base.php / 作成済み: existing shared registration: HP/source/area.html / 作成済み: existing shared registration: HP/sitemap.xml
02_作成済み	吉野_テンプレート.txt	吉野	yoshino	yes	\\192.168.1.3\disk1\FSG_SEO\candy\HP\Text_area_data\分類_20260716_115215\01_間違い無し\吉野_テンプレート.txt	作成済み: existing page artifact: HP/kagoshima-deliveryhealth-area-yoshino.php / 作成済み: existing page artifact: HP/source/kagoshima-deliveryhealth-area-yoshino.html / 作成済み: existing page artifact: HP/includefile/dataset_kagoshima-deliveryhealth-area-yoshino.php / 作成済み: existing shared registration: HP/includefile/dataset_base.php / 作成済み: existing shared registration: HP/source/area.html / 作成済み: existing shared registration: HP/sitemap.xml
02_作成済み	吉野町_テンプレート.txt	吉野町	yoshinocho	yes	\\192.168.1.3\disk1\FSG_SEO\candy\HP\Text_area_data\分類_20260716_115215\01_間違い無し\吉野町_テンプレート.txt	作成済み: existing page artifact: HP/kagoshima-deliveryhealth-area-yoshinocho.php / 作成済み: existing page artifact: HP/source/kagoshima-deliveryhealth-area-yoshinocho.html / 作成済み: existing page artifact: HP/includefile/dataset_kagoshima-deliveryhealth-area-yoshinocho.php / 作成済み: existing shared registration: HP/includefile/dataset_base.php / 作成済み: existing shared registration: HP/source/area.html / 作成済み: existing shared registration: HP/sitemap.xml
02_作成済み	名山町_テンプレート.txt	名山町	meizancho	yes	\\192.168.1.3\disk1\FSG_SEO\candy\HP\Text_area_data\分類_20260716_115215\01_間違い無し\名山町_テンプレート.txt	作成済み: existing shared registration: HP/source/area.html
09_複合問題	向陽_テンプレート.txt	向陽	koyo	yes	\\192.168.1.3\disk1\FSG_SEO\candy\HP\Text_area_data\分類_20260716_115215\02_画像無し\向陽_テンプレート.txt	作成済み: existing page artifact: HP/kagoshima-deliveryhealth-area-koyo.php / 作成済み: existing page artifact: HP/source/kagoshima-deliveryhealth-area-koyo.html / 作成済み: existing page artifact: HP/includefile/dataset_kagoshima-deliveryhealth-area-koyo.php / 作成済み: existing shared registration: HP/includefile/dataset_base.php / 作成済み: existing shared registration: HP/source/area.html / 画像なし: missing image: HP/imgHtml/new_202601/area/kagoshima-deliveryhealth-area-koyo_1.jpg / 画像なし: missing image: HP/imgHtml/new_202601/area/kagoshima-deliveryhealth-area-koyo_2.jpg
02_作成済み	呉服町_テンプレート.txt	呉服町	gofukucho	yes	\\192.168.1.3\disk1\FSG_SEO\candy\HP\Text_area_data\分類_20260716_115215\01_間違い無し\呉服町_テンプレート.txt	作成済み: existing page artifact: HP/kagoshima-deliveryhealth-area-gofukucho.php / 作成済み: existing page artifact: HP/source/kagoshima-deliveryhealth-area-gofukucho.html / 作成済み: existing page artifact: HP/includefile/dataset_kagoshima-deliveryhealth-area-gofukucho.php / 作成済み: existing shared registration: HP/includefile/dataset_base.php / 作成済み: existing shared registration: HP/source/area.html
02_作成済み	和田_テンプレート.txt	和田	wada	yes	\\192.168.1.3\disk1\FSG_SEO\candy\HP\Text_area_data\分類_20260716_115215\01_間違い無し\和田_テンプレート.txt	作成済み: existing shared registration: HP/source/area.html
03_一覧名違い	唐湊_テンプレート.txt	唐湊	toso	yes	\\192.168.1.3\disk1\FSG_SEO\candy\HP\Text_area_data\分類_20260716_115215\01_間違い無し\唐湊_テンプレート.txt	一覧名違い: area list same-region slug mismatch: canonical=toso existing_region_slugs=tomino
09_複合問題	喜入中名町_テンプレート.txt	喜入中名町	kiirenakamyocho	yes	\\192.168.1.3\disk1\FSG_SEO\candy\HP\Text_area_data\分類_20260716_115215\01_間違い無し\喜入中名町_テンプレート.txt	作成済み: existing page artifact: HP/kagoshima-deliveryhealth-area-kiirenakamyocho.php / 作成済み: existing page artifact: HP/source/kagoshima-deliveryhealth-area-kiirenakamyocho.html / 作成済み: existing page artifact: HP/includefile/dataset_kagoshima-deliveryhealth-area-kiirenakamyocho.php / 一覧名違い: area list same-region slug mismatch: canonical=kiirenakamyocho existing_region_slugs=kiirenakacho
02_作成済み	喜入町_テンプレート.txt	喜入町	kiirecho	yes	\\192.168.1.3\disk1\FSG_SEO\candy\HP\Text_area_data\分類_20260716_115215\01_間違い無し\喜入町_テンプレート.txt	作成済み: existing page artifact: HP/kagoshima-deliveryhealth-area-kiirecho.php / 作成済み: existing page artifact: HP/source/kagoshima-deliveryhealth-area-kiirecho.html / 作成済み: existing page artifact: HP/includefile/dataset_kagoshima-deliveryhealth-area-kiirecho.php / 作成済み: existing shared registration: HP/includefile/dataset_base.php / 作成済み: existing shared registration: HP/source/area.html
02_作成済み	四元町_テンプレート.txt	四元町	yotsumotocho	yes	\\192.168.1.3\disk1\FSG_SEO\candy\HP\Text_area_data\四元町_テンプレート.txt	作成済み: existing page artifact: HP/kagoshima-deliveryhealth-area-yotsumotocho.php / 作成済み: existing page artifact: HP/source/kagoshima-deliveryhealth-area-yotsumotocho.html / 作成済み: existing page artifact: HP/includefile/dataset_kagoshima-deliveryhealth-area-yotsumotocho.php / 作成済み: existing shared registration: HP/includefile/dataset_base.php / 作成済み: existing shared registration: HP/source/area.html / 作成済み: existing shared registration: HP/sitemap.xml
02_作成済み	坂之上_テンプレート.txt	坂之上	sakanoue	yes	\\192.168.1.3\disk1\FSG_SEO\candy\HP\Text_area_data\分類_20260716_115215\01_間違い無し\坂之上_テンプレート.txt	作成済み: existing page artifact: HP/kagoshima-deliveryhealth-area-sakanoue.php / 作成済み: existing page artifact: HP/source/kagoshima-deliveryhealth-area-sakanoue.html / 作成済み: existing page artifact: HP/includefile/dataset_kagoshima-deliveryhealth-area-sakanoue.php / 作成済み: existing shared registration: HP/includefile/dataset_base.php / 作成済み: existing shared registration: HP/source/area.html
02_作成済み	坂元町_テンプレート.txt	坂元町	sakamotocho	yes	\\192.168.1.3\disk1\FSG_SEO\candy\HP\Text_area_data\分類_20260716_115215\01_間違い無し\坂元町_テンプレート.txt	作成済み: existing page artifact: HP/kagoshima-deliveryhealth-area-sakamotocho.php / 作成済み: existing page artifact: HP/source/kagoshima-deliveryhealth-area-sakamotocho.html / 作成済み: existing page artifact: HP/includefile/dataset_kagoshima-deliveryhealth-area-sakamotocho.php / 作成済み: existing shared registration: HP/includefile/dataset_base.php / 作成済み: existing shared registration: HP/source/area.html
09_複合問題	城南町_テンプレート.txt	城南町	jonancho	yes	\\192.168.1.3\disk1\FSG_SEO\candy\HP\Text_area_data\分類_20260716_115215\02_画像無し\城南町_テンプレート.txt	一覧名違い: area list same-region slug mismatch: canonical=jonancho existing_region_slugs=jonamicho / 画像なし: missing image: HP/imgHtml/new_202601/area/kagoshima-deliveryhealth-area-jonancho_1.jpg / 画像なし: missing image: HP/imgHtml/new_202601/area/kagoshima-deliveryhealth-area-jonancho_2.jpg
02_作成済み	城山_テンプレート.txt	城山	shiroyama	yes	\\192.168.1.3\disk1\FSG_SEO\candy\HP\Text_area_data\分類_20260716_115215\01_間違い無し\城山_テンプレート.txt	作成済み: existing shared registration: HP/source/area.html
02_作成済み	城山町_テンプレート.txt	城山町	shiroyamacho	yes	\\192.168.1.3\disk1\FSG_SEO\candy\HP\Text_area_data\分類_20260716_115215\01_間違い無し\城山町_テンプレート.txt	作成済み: existing shared registration: HP/source/area.html
03_一覧名違い	城西_テンプレート.txt	城西	josei	yes	\\192.168.1.3\disk1\FSG_SEO\candy\HP\Text_area_data\分類_20260716_115215\01_間違い無し\城西_テンプレート.txt	一覧名違い: area list same-region slug mismatch: canonical=josei existing_region_slugs=jozai
02_作成済み	堀江町_テンプレート.txt	堀江町	horiecho	yes	\\192.168.1.3\disk1\FSG_SEO\candy\HP\Text_area_data\分類_20260716_115215\01_間違い無し\堀江町_テンプレート.txt	作成済み: existing shared registration: HP/source/area.html
03_一覧名違い	大明丘_テンプレート.txt	大明丘	daimyogaoka	yes	\\192.168.1.3\disk1\FSG_SEO\candy\HP\Text_area_data\分類_20260716_115215\01_間違い無し\大明丘_テンプレート.txt	一覧名違い: area list same-region slug mismatch: canonical=daimyogaoka existing_region_slugs=daimeigaoka
09_複合問題	大竜町_テンプレート.txt	大竜町	dairyuucho	yes	\\192.168.1.3\disk1\FSG_SEO\candy\HP\Text_area_data\分類_20260716_115215\02_画像無し\大竜町_テンプレート.txt	一覧名違い: area list same-region slug mismatch: canonical=dairyuucho existing_region_slugs=dairyucho / 画像なし: missing image: HP/imgHtml/new_202601/area/kagoshima-deliveryhealth-area-dairyuucho_1.jpg / 画像なし: missing image: HP/imgHtml/new_202601/area/kagoshima-deliveryhealth-area-dairyuucho_2.jpg
02_作成済み	大黒町_テンプレート.txt	大黒町	daikokucho	yes	\\192.168.1.3\disk1\FSG_SEO\candy\HP\Text_area_data\分類_20260716_115215\01_間違い無し\大黒町_テンプレート.txt	作成済み: existing shared registration: HP/source/area.html
09_複合問題	天保山町_テンプレート.txt	天保山町	tenpozancho	yes	\\192.168.1.3\disk1\FSG_SEO\candy\HP\Text_area_data\分類_20260716_115215\02_画像無し\天保山町_テンプレート.txt	作成済み: existing shared registration: HP/source/area.html / 画像なし: missing image: HP/imgHtml/new_202601/area/kagoshima-deliveryhealth-area-tenpozancho_1.jpg / 画像なし: missing image: HP/imgHtml/new_202601/area/kagoshima-deliveryhealth-area-tenpozancho_2.jpg
09_複合問題	宇宿_テンプレート.txt	aaaaaaaaaaaaaaaaaaaa	usuki	no	\\192.168.1.3\disk1\FSG_SEO\candy\HP\Text_area_data\分類_20260716_115215\08_複合_画像無し_情報足りない_間違い\宇宿_テンプレート.txt	入力不備: 通常記事sceneの情報が不足しています / 未管理: direct input is not tracked in HEAD: HP/Text_area_data/宇宿_テンプレート.txt / 作成済み: existing page artifact: HP/kagoshima-deliveryhealth-area-usuki.php / 作成済み: existing page artifact: HP/source/kagoshima-deliveryhealth-area-usuki.html / 作成済み: existing page artifact: HP/includefile/dataset_kagoshima-deliveryhealth-area-usuki.php / 作成済み: existing shared registration: HP/source/area.html / 作成済み: existing shared registration: HP/sitemap.xml
03_一覧名違い	宮之浦町_テンプレート.txt	宮之浦町	miyanouracho	yes	\\192.168.1.3\disk1\FSG_SEO\candy\HP\Text_area_data\分類_20260716_115215\01_間違い無し\宮之浦町_テンプレート.txt	一覧名違い: area list same-region slug mismatch: canonical=miyanouracho existing_region_slugs=miyanouramachi
09_複合問題	小原町_テンプレート.txt	aaaaaaaaaaaaaaaaaaaa		no	\\192.168.1.3\disk1\FSG_SEO\candy\HP\Text_area_data\分類_20260716_115215\08_複合_画像無し_情報足りない_間違い\小原町_テンプレート.txt	入力不備: 必須項目不足: canonical slug / 間違い: L59 placeholder残り / 間違い: canonical slug missing / 未管理: direct input is not tracked in HEAD: HP/Text_area_data/小原町_テンプレート.txt / 作成済み: existing shared registration: HP/includefile/dataset_base.php / 作成済み: existing shared registration: HP/source/area.html / 作成済み: existing shared registration: HP/sitemap.xml / 画像なし: missing image: HP/imgHtml/new_202601/area/kagoshima-deliveryhealth-area-_1.jpg / 画像なし: missing image: HP/imgHtml/new_202601/area/kagoshima-deliveryhealth-area-_2.jpg
02_作成済み	小山田町_テンプレート.txt	小山田町	koyamadacho	yes	\\192.168.1.3\disk1\FSG_SEO\candy\HP\Text_area_data\分類_20260716_115215\01_間違い無し\小山田町_テンプレート.txt	作成済み: existing page artifact: HP/kagoshima-deliveryhealth-area-koyamadacho.php / 作成済み: existing page artifact: HP/source/kagoshima-deliveryhealth-area-koyamadacho.html / 作成済み: existing page artifact: HP/includefile/dataset_kagoshima-deliveryhealth-area-koyamadacho.php / 作成済み: existing shared registration: HP/includefile/dataset_base.php / 作成済み: existing shared registration: HP/source/area.html
09_複合問題	小川町_テンプレート.txt	aaaaaaaaaaaaaaaaaaaa		no	\\192.168.1.3\disk1\FSG_SEO\candy\HP\Text_area_data\分類_20260716_115215\08_複合_画像無し_情報足りない_間違い\小川町_テンプレート.txt	入力不備: 必須項目不足: canonical slug / 間違い: canonical slug missing / 未管理: direct input is not tracked in HEAD: HP/Text_area_data/小川町_テンプレート.txt / 作成済み: existing shared registration: HP/includefile/dataset_base.php / 作成済み: existing shared registration: HP/source/area.html / 作成済み: existing shared registration: HP/sitemap.xml / 画像なし: missing image: HP/imgHtml/new_202601/area/kagoshima-deliveryhealth-area-_1.jpg / 画像なし: missing image: HP/imgHtml/new_202601/area/kagoshima-deliveryhealth-area-_2.jpg
02_作成済み	小松原_テンプレート.txt	小松原	komatsubara	yes	\\192.168.1.3\disk1\FSG_SEO\candy\HP\Text_area_data\分類_20260716_115215\01_間違い無し\小松原_テンプレート.txt	作成済み: existing page artifact: HP/kagoshima-deliveryhealth-area-komatsubara.php / 作成済み: existing page artifact: HP/includefile/dataset_kagoshima-deliveryhealth-area-komatsubara.php / 作成済み: existing shared registration: HP/includefile/dataset_base.php / 作成済み: existing shared registration: HP/source/area.html
09_複合問題	小野_テンプレート.txt	aaaaaaaaaaaaaaaaaaaa		no	\\192.168.1.3\disk1\FSG_SEO\candy\HP\Text_area_data\分類_20260716_115215\08_複合_画像無し_情報足りない_間違い\小野_テンプレート.txt	入力不備: 必須項目不足: canonical slug / 間違い: canonical slug missing / 未管理: direct input is not tracked in HEAD: HP/Text_area_data/小野_テンプレート.txt / 作成済み: existing shared registration: HP/includefile/dataset_base.php / 作成済み: existing shared registration: HP/source/area.html / 作成済み: existing shared registration: HP/sitemap.xml / 画像なし: missing image: HP/imgHtml/new_202601/area/kagoshima-deliveryhealth-area-_1.jpg / 画像なし: missing image: HP/imgHtml/new_202601/area/kagoshima-deliveryhealth-area-_2.jpg
02_作成済み	山下町_テンプレート.txt	山下町	yamashitacho	yes	\\192.168.1.3\disk1\FSG_SEO\candy\HP\Text_area_data\分類_20260716_115215\01_間違い無し\山下町_テンプレート.txt	作成済み: existing page artifact: HP/kagoshima-deliveryhealth-area-yamashitacho.php / 作成済み: existing page artifact: HP/source/kagoshima-deliveryhealth-area-yamashitacho.html / 作成済み: existing page artifact: HP/includefile/dataset_kagoshima-deliveryhealth-area-yamashitacho.php / 作成済み: existing shared registration: HP/includefile/dataset_base.php / 作成済み: existing shared registration: HP/source/area.html / 作成済み: existing shared registration: HP/sitemap.xml
02_作成済み	山之口町_テンプレート.txt	山之口町	yamanokuchicho	yes	\\192.168.1.3\disk1\FSG_SEO\candy\HP\Text_area_data\分類_20260716_115215\01_間違い無し\山之口町_テンプレート.txt	作成済み: existing page artifact: HP/kagoshima-deliveryhealth-area-yamanokuchicho.php / 作成済み: existing page artifact: HP/source/kagoshima-deliveryhealth-area-yamanokuchicho.html / 作成済み: existing page artifact: HP/includefile/dataset_kagoshima-deliveryhealth-area-yamanokuchicho.php / 作成済み: existing shared registration: HP/includefile/dataset_base.php / 作成済み: existing shared registration: HP/source/area.html / 作成済み: existing shared registration: HP/sitemap.xml
02_作成済み	山田町_テンプレート.txt	山田町	yamadacho	yes	\\192.168.1.3\disk1\FSG_SEO\candy\HP\Text_area_data\分類_20260716_115215\01_間違い無し\山田町_テンプレート.txt	作成済み: existing page artifact: HP/kagoshima-deliveryhealth-area-yamadacho.php / 作成済み: existing page artifact: HP/source/kagoshima-deliveryhealth-area-yamadacho.html / 作成済み: existing page artifact: HP/includefile/dataset_kagoshima-deliveryhealth-area-yamadacho.php / 作成済み: existing shared registration: HP/includefile/dataset_base.php / 作成済み: existing shared registration: HP/source/area.html / 作成済み: existing shared registration: HP/sitemap.xml
09_複合問題	岡野原町_テンプレート.txt	aaaaaaaaaaaaaaaaaaaa		no	\\192.168.1.3\disk1\FSG_SEO\candy\HP\Text_area_data\分類_20260716_115215\08_複合_画像無し_情報足りない_間違い\岡野原町_テンプレート.txt	入力不備: 必須項目不足: canonical slug / 間違い: canonical slug missing / 未管理: direct input is not tracked in HEAD: HP/Text_area_data/岡野原町_テンプレート.txt / 作成済み: existing shared registration: HP/includefile/dataset_base.php / 作成済み: existing shared registration: HP/source/area.html / 作成済み: existing shared registration: HP/sitemap.xml / 画像なし: missing image: HP/imgHtml/new_202601/area/kagoshima-deliveryhealth-area-_1.jpg / 画像なし: missing image: HP/imgHtml/new_202601/area/kagoshima-deliveryhealth-area-_2.jpg
02_作成済み	川上町_テンプレート.txt	川上町	kawakamicho	yes	\\192.168.1.3\disk1\FSG_SEO\candy\HP\Text_area_data\分類_20260716_115215\01_間違い無し\川上町_テンプレート.txt	作成済み: existing page artifact: HP/kagoshima-deliveryhealth-area-kawakamicho.php / 作成済み: existing page artifact: HP/includefile/dataset_kagoshima-deliveryhealth-area-kawakamicho.php / 作成済み: existing shared registration: HP/includefile/dataset_base.php / 作成済み: existing shared registration: HP/source/area.html
09_複合問題	川田町_テンプレート.txt	川田町	kawadacho	yes	\\192.168.1.3\disk1\FSG_SEO\candy\HP\Text_area_data\分類_20260716_115215\01_間違い無し\川田町_テンプレート.txt	作成済み: existing page artifact: HP/kagoshima-deliveryhealth-area-kawadacho.php / 作成済み: existing page artifact: HP/includefile/dataset_kagoshima-deliveryhealth-area-kawadacho.php / 一覧名違い: area list same-region slug mismatch: canonical=kawadacho existing_region_slugs=kawatacho / 作成済み: existing shared registration: HP/includefile/dataset_base.php
02_作成済み	希望ヶ丘町_テンプレート.txt	希望ヶ丘町	kibougaokacho	yes	\\192.168.1.3\disk1\FSG_SEO\candy\HP\Text_area_data\分類_20260716_115215\01_間違い無し\希望ヶ丘町_テンプレート.txt	作成済み: existing page artifact: HP/kagoshima-deliveryhealth-area-kibougaokacho.php / 作成済み: existing page artifact: HP/source/kagoshima-deliveryhealth-area-kibougaokacho.html / 作成済み: existing page artifact: HP/includefile/dataset_kagoshima-deliveryhealth-area-kibougaokacho.php / 作成済み: existing shared registration: HP/includefile/dataset_base.php / 作成済み: existing shared registration: HP/source/area.html
02_作成済み	常盤_テンプレート.txt	常盤	tokiwa	yes	\\192.168.1.3\disk1\FSG_SEO\candy\HP\Text_area_data\分類_20260716_115215\01_間違い無し\常盤_テンプレート.txt	作成済み: existing shared registration: HP/source/area.html
03_一覧名違い	平之町_テンプレート.txt	平之町	hiranocho	yes	\\192.168.1.3\disk1\FSG_SEO\candy\HP\Text_area_data\分類_20260716_115215\01_間違い無し\平之町_テンプレート.txt	一覧名違い: area list same-region slug mismatch: canonical=hiranocho existing_region_slugs=hirancho
02_作成済み	平川町.txt	平川町	hirakawacho	yes	\\192.168.1.3\disk1\FSG_SEO\candy\HP\Text_area_data\分類_20260716_115215\01_間違い無し\平川町.txt	作成済み: existing page artifact: HP/kagoshima-deliveryhealth-area-hirakawacho.php / 作成済み: existing page artifact: HP/includefile/dataset_kagoshima-deliveryhealth-area-hirakawacho.php / 作成済み: existing shared registration: HP/includefile/dataset_base.php / 作成済み: existing shared registration: HP/source/area.html
02_作成済み	平田町_テンプレート.txt	平田町	hiratacho	yes	\\192.168.1.3\disk1\FSG_SEO\candy\HP\Text_area_data\分類_20260716_115215\01_間違い無し\平田町_テンプレート.txt	作成済み: existing shared registration: HP/source/area.html
02_作成済み	広木_テンプレート.txt	広木	hiroki	yes	\\192.168.1.3\disk1\FSG_SEO\candy\HP\Text_area_data\分類_20260716_115215\01_間違い無し\広木_テンプレート.txt	作成済み: existing page artifact: HP/kagoshima-deliveryhealth-area-hiroki.php / 作成済み: existing page artifact: HP/source/kagoshima-deliveryhealth-area-hiroki.html / 作成済み: existing page artifact: HP/includefile/dataset_kagoshima-deliveryhealth-area-hiroki.php / 作成済み: existing shared registration: HP/includefile/dataset_base.php / 作成済み: existing shared registration: HP/source/area.html / 作成済み: existing shared registration: HP/sitemap.xml
02_作成済み	慈眼寺町_テンプレート.txt	慈眼寺町	jigenjicho	yes	\\192.168.1.3\disk1\FSG_SEO\candy\HP\Text_area_data\分類_20260716_115215\01_間違い無し\慈眼寺町_テンプレート.txt	作成済み: existing shared registration: HP/source/area.html
09_複合問題	新屋敷町_テンプレート .txt	新屋敷町	shinayashikicho	yes	\\192.168.1.3\disk1\FSG_SEO\candy\HP\Text_area_data\分類_20260716_115215\02_画像無し\新屋敷町_テンプレート .txt	作成済み: existing shared registration: HP/source/area.html / 画像なし: missing image: HP/imgHtml/new_202601/area/kagoshima-deliveryhealth-area-shinayashikicho_1.jpg / 画像なし: missing image: HP/imgHtml/new_202601/area/kagoshima-deliveryhealth-area-shinayashikicho_2.jpg
02_作成済み	新栄町_テンプレート.txt	新栄町	shineicho	yes	\\192.168.1.3\disk1\FSG_SEO\candy\HP\Text_area_data\分類_20260716_115215\01_間違い無し\新栄町_テンプレート.txt	作成済み: existing shared registration: HP/source/area.html
02_作成済み	新照院町_テンプレート.txt	新照院町	shinshoincho	yes	\\192.168.1.3\disk1\FSG_SEO\candy\HP\Text_area_data\分類_20260716_115215\01_間違い無し\新照院町_テンプレート.txt	作成済み: existing shared registration: HP/source/area.html
02_作成済み	新町_テンプレート.txt	新町	shimmachi	yes	\\192.168.1.3\disk1\FSG_SEO\candy\HP\Text_area_data\分類_20260716_115215\01_間違い無し\新町_テンプレート.txt	作成済み: existing shared registration: HP/source/area.html
02_作成済み	日之出町_テンプレート.txt	日之出町	hinodecho	yes	\\192.168.1.3\disk1\FSG_SEO\candy\HP\Text_area_data\分類_20260716_115215\01_間違い無し\日之出町_テンプレート.txt	作成済み: existing shared registration: HP/source/area.html
02_作成済み	明和_テンプレート.txt	明和	meiwa	yes	\\192.168.1.3\disk1\FSG_SEO\candy\HP\Text_area_data\分類_20260716_115215\01_間違い無し\明和_テンプレート.txt	作成済み: existing shared registration: HP/source/area.html
09_複合問題	易居町_テンプレート.txt	aaaaaaaaaaaaaaaaaaaa	yasuicho	no	\\192.168.1.3\disk1\FSG_SEO\candy\HP\Text_area_data\分類_20260716_115215\08_複合_画像無し_情報足りない_間違い\易居町_テンプレート.txt	入力不備: scene（h2）がありません / 情報足りない: L17 【1】地図URL：未確認 / 情報足りない: L18 【2】地図タイトル：未確認 / 情報足りない: L77 未確認 / 情報足りない: L80 未確認 / 未管理: direct input is not tracked in HEAD: HP/Text_area_data/易居町_テンプレート.txt / 作成済み: existing page artifact: HP/kagoshima-deliveryhealth-area-yasuicho.php / 作成済み: existing page artifact: HP/source/kagoshima-deliveryhealth-area-yasuicho.html / 作成済み: existing page artifact: HP/includefile/dataset_kagoshima-deliveryhealth-area-yasuicho.php / 作成済み: existing shared registration: HP/source/area.html / 作成済み: existing shared registration: HP/sitemap.xml
02_作成済み	星ヶ峯_テンプレート.txt	星ヶ峯	hoshigamine	yes	\\192.168.1.3\disk1\FSG_SEO\candy\HP\Text_area_data\分類_20260716_115215\01_間違い無し\星ヶ峯_テンプレート.txt	作成済み: existing shared registration: HP/source/area.html
02_作成済み	春山町_テンプレート.txt	春山町	haruyamacho	yes	\\192.168.1.3\disk1\FSG_SEO\candy\HP\Text_area_data\分類_20260716_115215\01_間違い無し\春山町_テンプレート.txt	作成済み: existing shared registration: HP/source/area.html
02_作成済み	春日町_テンプレート.txt	春日町	kasugacho	yes	\\192.168.1.3\disk1\FSG_SEO\candy\HP\Text_area_data\分類_20260716_115215\01_間違い無し\春日町_テンプレート.txt	作成済み: existing page artifact: HP/kagoshima-deliveryhealth-area-kasugacho.php / 作成済み: existing page artifact: HP/source/kagoshima-deliveryhealth-area-kasugacho.html / 作成済み: existing page artifact: HP/includefile/dataset_kagoshima-deliveryhealth-area-kasugacho.php / 作成済み: existing shared registration: HP/includefile/dataset_base.php / 作成済み: existing shared registration: HP/source/area.html
09_複合問題	有屋田町_テンプレート.txt	aaaaaaaaaaaaaaaaaaaa		no	\\192.168.1.3\disk1\FSG_SEO\candy\HP\Text_area_data\分類_20260716_115215\08_複合_画像無し_情報足りない_間違い\有屋田町_テンプレート.txt	入力不備: 必須項目不足: canonical slug / 間違い: canonical slug missing / 未管理: direct input is not tracked in HEAD: HP/Text_area_data/有屋田町_テンプレート.txt / 作成済み: existing shared registration: HP/includefile/dataset_base.php / 作成済み: existing shared registration: HP/source/area.html / 作成済み: existing shared registration: HP/sitemap.xml / 画像なし: missing image: HP/imgHtml/new_202601/area/kagoshima-deliveryhealth-area-_1.jpg / 画像なし: missing image: HP/imgHtml/new_202601/area/kagoshima-deliveryhealth-area-_2.jpg
03_一覧名違い	本名町_テンプレート.txt	本名町	honmyocho	yes	\\192.168.1.3\disk1\FSG_SEO\candy\HP\Text_area_data\分類_20260716_115215\01_間違い無し\本名町_テンプレート.txt	一覧名違い: area list same-region slug mismatch: canonical=honmyocho existing_region_slugs=honmeicho
02_作成済み	本城町_テンプレート.txt	本城町	honjocho	yes	\\192.168.1.3\disk1\FSG_SEO\candy\HP\Text_area_data\分類_20260716_115215\01_間違い無し\本城町_テンプレート.txt	作成済み: existing shared registration: HP/source/area.html
03_一覧名違い	本港新町_テンプレート.txt	本港新町	honkoshinmachi	yes	\\192.168.1.3\disk1\FSG_SEO\candy\HP\Text_area_data\分類_20260716_115215\01_間違い無し\本港新町_テンプレート.txt	一覧名違い: area list same-region slug mismatch: canonical=honkoshinmachi existing_region_slugs=honkoshimmachi
02_作成済み	東佐多町_テンプレート.txt	東佐多町	higashisatacho	yes	\\192.168.1.3\disk1\FSG_SEO\candy\HP\Text_area_data\分類_20260716_115215\01_間違い無し\東佐多町_テンプレート.txt	作成済み: existing shared registration: HP/source/area.html
02_作成済み	東俣町_テンプレート.txt	東俣町	higashimatacho	yes	\\192.168.1.3\disk1\FSG_SEO\candy\HP\Text_area_data\分類_20260716_115215\01_間違い無し\東俣町_テンプレート.txt	作成済み: existing shared registration: HP/source/area.html
02_作成済み	東千石町_テンプレート.txt	東千石町	higashisengokucho	yes	\\192.168.1.3\disk1\FSG_SEO\candy\HP\Text_area_data\分類_20260716_115215\01_間違い無し\東千石町_テンプレート.txt	作成済み: existing shared registration: HP/source/area.html
02_作成済み	東坂元_テンプレート.txt	東坂元	higashisakamoto	yes	\\192.168.1.3\disk1\FSG_SEO\candy\HP\Text_area_data\分類_20260716_115215\01_間違い無し\東坂元_テンプレート.txt	作成済み: existing shared registration: HP/source/area.html
02_作成済み	東谷山_テンプレート.txt	東谷山	higashitaniyama	yes	\\192.168.1.3\disk1\FSG_SEO\candy\HP\Text_area_data\分類_20260716_115215\01_間違い無し\東谷山_テンプレート.txt	作成済み: existing shared registration: HP/source/area.html
03_一覧名違い	東郡元町_テンプレート.txt	東郡元町	higashikoorimotocho	yes	\\192.168.1.3\disk1\FSG_SEO\candy\HP\Text_area_data\分類_20260716_115215\01_間違い無し\東郡元町_テンプレート.txt	一覧名違い: area list same-region slug mismatch: canonical=higashikoorimotocho existing_region_slugs=higashikorimotocho
03_一覧名違い	東開町_テンプレート.txt	東開町	tokaicho	yes	\\192.168.1.3\disk1\FSG_SEO\candy\HP\Text_area_data\分類_20260716_115215\01_間違い無し\東開町_テンプレート.txt	一覧名違い: area list same-region slug mismatch: canonical=tokaicho existing_region_slugs=higashibirakicho
02_作成済み	松原町_テンプレート.txt	松原町	matsubaracho	yes	\\192.168.1.3\disk1\FSG_SEO\candy\HP\Text_area_data\分類_20260716_115215\01_間違い無し\松原町_テンプレート.txt	作成済み: existing shared registration: HP/source/area.html
09_複合問題	松陽台町_テンプレート.txt	松陽台町	shouyoudaichou	yes	\\192.168.1.3\disk1\FSG_SEO\candy\HP\Text_area_data\分類_20260716_115215\02_画像無し\松陽台町_テンプレート.txt	未管理: direct input is not tracked in HEAD: HP/Text_area_data/松陽台町_テンプレート.txt / 一覧名違い: area list same-region slug mismatch: canonical=shouyoudaichou existing_region_slugs=matsuyodaicho / 画像なし: missing image: HP/imgHtml/new_202601/area/kagoshima-deliveryhealth-area-shouyoudaichou_1.jpg / 画像なし: missing image: HP/imgHtml/new_202601/area/kagoshima-deliveryhealth-area-shouyoudaichou_2.jpg
03_一覧名違い	柳町_テンプレート.txt	柳町	yanagimachi	yes	\\192.168.1.3\disk1\FSG_SEO\candy\HP\Text_area_data\分類_20260716_115215\01_間違い無し\柳町_テンプレート.txt	一覧名違い: area list same-region slug mismatch: canonical=yanagimachi existing_region_slugs=yanagicho
02_作成済み	桜ヶ丘_テンプレート.txt	桜ヶ丘	sakuragaoka	yes	\\192.168.1.3\disk1\FSG_SEO\candy\HP\Text_area_data\分類_20260716_115215\01_間違い無し\桜ヶ丘_テンプレート.txt	作成済み: existing page artifact: HP/kagoshima-deliveryhealth-area-sakuragaoka.php / 作成済み: existing page artifact: HP/source/kagoshima-deliveryhealth-area-sakuragaoka.html / 作成済み: existing page artifact: HP/includefile/dataset_kagoshima-deliveryhealth-area-sakuragaoka.php / 作成済み: existing shared registration: HP/includefile/dataset_base.php / 作成済み: existing shared registration: HP/source/area.html
03_一覧名違い	樋之口町_テンプレート.txt	樋之口町	tenokuchicho	yes	\\192.168.1.3\disk1\FSG_SEO\candy\HP\Text_area_data\分類_20260716_115215\01_間違い無し\樋之口町_テンプレート.txt	一覧名違い: area list same-region slug mismatch: canonical=tenokuchicho existing_region_slugs=toinokuchicho
02_作成済み	武_テンプレート.txt	武	take	yes	\\192.168.1.3\disk1\FSG_SEO\candy\HP\Text_area_data\分類_20260716_115215\01_間違い無し\武_テンプレート.txt	作成済み: existing shared registration: HP/source/area.html
02_作成済み	武岡_テンプレート.txt	武岡	takeoka	yes	\\192.168.1.3\disk1\FSG_SEO\candy\HP\Text_area_data\分類_20260716_115215\01_間違い無し\武岡_テンプレート.txt	作成済み: existing shared registration: HP/source/area.html
09_複合問題	池之上町_テンプレート.txt	池之上町	ikenouecho	yes	\\192.168.1.3\disk1\FSG_SEO\candy\HP\Text_area_data\分類_20260716_115215\06_複合_画像無し_間違い\池之上町_テンプレート.txt	未管理: direct input is not tracked in HEAD: HP/Text_area_data/池之上町_テンプレート.txt / 作成済み: existing page artifact: HP/kagoshima-deliveryhealth-area-ikenouecho.php / 作成済み: existing page artifact: HP/source/kagoshima-deliveryhealth-area-ikenouecho.html / 作成済み: existing page artifact: HP/includefile/dataset_kagoshima-deliveryhealth-area-ikenouecho.php / 作成済み: existing shared registration: HP/source/area.html / 作成済み: existing shared registration: HP/sitemap.xml
03_一覧名違い	油須木町_テンプレート.txt	油須木町	yusukicho	yes	\\192.168.1.3\disk1\FSG_SEO\candy\HP\Text_area_data\分類_20260716_115215\01_間違い無し\油須木町_テンプレート.txt	一覧名違い: area list same-region slug mismatch: canonical=yusukicho existing_region_slugs=aburazukicho
09_複合問題	泉町_テンプレート.txt	泉町	izumicho	yes	\\192.168.1.3\disk1\FSG_SEO\candy\HP\Text_area_data\分類_20260716_115215\01_間違い無し\泉町_テンプレート.txt	未管理: direct input is not tracked in HEAD: HP/Text_area_data/泉町_テンプレート.txt / 作成済み: existing page artifact: HP/kagoshima-deliveryhealth-area-izumicho.php / 作成済み: existing page artifact: HP/source/kagoshima-deliveryhealth-area-izumicho.html / 作成済み: existing page artifact: HP/includefile/dataset_kagoshima-deliveryhealth-area-izumicho.php / 作成済み: existing shared registration: HP/source/area.html / 作成済み: existing shared registration: HP/sitemap.xml
03_一覧名違い	浜町_テンプレート.txt	浜町	hamamachi	yes	\\192.168.1.3\disk1\FSG_SEO\candy\HP\Text_area_data\分類_20260716_115215\01_間違い無し\浜町_テンプレート.txt	一覧名違い: area list same-region slug mismatch: canonical=hamamachi existing_region_slugs=hamacho
02_作成済み	清和_テンプレート.txt	清和	seiwa	yes	\\192.168.1.3\disk1\FSG_SEO\candy\HP\Text_area_data\分類_20260716_115215\01_間違い無し\清和_テンプレート.txt	作成済み: existing shared registration: HP/source/area.html
02_作成済み	清水町_テンプレート.txt	清水町	shimizucho	yes	\\192.168.1.3\disk1\FSG_SEO\candy\HP\Text_area_data\分類_20260716_115215\01_間違い無し\清水町_テンプレート.txt	作成済み: existing page artifact: HP/kagoshima-deliveryhealth-area-shimizucho.php / 作成済み: existing page artifact: HP/includefile/dataset_kagoshima-deliveryhealth-area-shimizucho.php / 作成済み: existing shared registration: HP/includefile/dataset_base.php / 作成済み: existing shared registration: HP/source/area.html
02_作成済み	照国町_テンプレート.txt	照国町	terukunicho	yes	\\192.168.1.3\disk1\FSG_SEO\candy\HP\Text_area_data\分類_20260716_115215\01_間違い無し\照国町_テンプレート.txt	作成済み: existing shared registration: HP/source/area.html
03_一覧名違い	牟礼岡_テンプレート.txt	牟礼岡	muregaoka	yes	\\192.168.1.3\disk1\FSG_SEO\candy\HP\Text_area_data\分類_20260716_115215\01_間違い無し\牟礼岡_テンプレート.txt	一覧名違い: area list same-region slug mismatch: canonical=muregaoka existing_region_slugs=mureoka
09_複合問題	犬迫町_テンプレート.txt	犬迫町	inuzakocho	yes	\\192.168.1.3\disk1\FSG_SEO\candy\HP\Text_area_data\分類_20260716_115215\01_間違い無し\犬迫町_テンプレート.txt	未管理: direct input is not tracked in HEAD: HP/Text_area_data/犬迫町_テンプレート.txt / 一覧名違い: area list same-region slug mismatch: canonical=inuzakocho existing_region_slugs=inusakocho
02_作成済み	玉里団地_テンプレート.txt	玉里団地	tamazatodanchi	yes	\\192.168.1.3\disk1\FSG_SEO\candy\HP\Text_area_data\分類_20260716_115215\01_間違い無し\玉里団地_テンプレート.txt	作成済み: existing page artifact: HP/kagoshima-deliveryhealth-area-tamazatodanchi.php / 作成済み: existing page artifact: HP/source/kagoshima-deliveryhealth-area-tamazatodanchi.html / 作成済み: existing page artifact: HP/includefile/dataset_kagoshima-deliveryhealth-area-tamazatodanchi.php / 作成済み: existing shared registration: HP/includefile/dataset_base.php / 作成済み: existing shared registration: HP/source/area.html / 作成済み: existing shared registration: HP/sitemap.xml
02_作成済み	玉里町_テンプレート.txt	玉里町	tamazatocho	yes	\\192.168.1.3\disk1\FSG_SEO\candy\HP\Text_area_data\分類_20260716_115215\01_間違い無し\玉里町_テンプレート.txt	作成済み: existing page artifact: HP/kagoshima-deliveryhealth-area-tamazatocho.php / 作成済み: existing page artifact: HP/source/kagoshima-deliveryhealth-area-tamazatocho.html / 作成済み: existing page artifact: HP/includefile/dataset_kagoshima-deliveryhealth-area-tamazatocho.php / 作成済み: existing shared registration: HP/includefile/dataset_base.php / 作成済み: existing shared registration: HP/source/area.html / 作成済み: existing shared registration: HP/sitemap.xml
02_作成済み	田上_テンプレート.txt	田上	tagami	yes	\\192.168.1.3\disk1\FSG_SEO\candy\HP\Text_area_data\分類_20260716_115215\01_間違い無し\田上_テンプレート.txt	作成済み: existing shared registration: HP/source/area.html
02_作成済み	田上台_テンプレート.txt	田上台	tagamidai	yes	\\192.168.1.3\disk1\FSG_SEO\candy\HP\Text_area_data\分類_20260716_115215\01_間違い無し\田上台_テンプレート.txt	作成済み: existing shared registration: HP/source/area.html
02_作成済み	田上町_テンプレート.txt	田上町	tagamicho	yes	\\192.168.1.3\disk1\FSG_SEO\candy\HP\Text_area_data\分類_20260716_115215\01_間違い無し\田上町_テンプレート.txt	作成済み: existing shared registration: HP/source/area.html
09_複合問題	甲突町_テンプレート.txt	甲突町	kotsukicho	yes	\\192.168.1.3\disk1\FSG_SEO\candy\HP\Text_area_data\分類_20260716_115215\02_画像無し\甲突町_テンプレート.txt	作成済み: existing page artifact: HP/kagoshima-deliveryhealth-area-kotsukicho.php / 作成済み: existing page artifact: HP/source/kagoshima-deliveryhealth-area-kotsukicho.html / 作成済み: existing page artifact: HP/includefile/dataset_kagoshima-deliveryhealth-area-kotsukicho.php / 作成済み: existing shared registration: HP/includefile/dataset_base.php / 作成済み: existing shared registration: HP/source/area.html / 画像なし: missing image: HP/imgHtml/new_202601/area/kagoshima-deliveryhealth-area-kotsukicho_1.jpg / 画像なし: missing image: HP/imgHtml/new_202601/area/kagoshima-deliveryhealth-area-kotsukicho_2.jpg
02_作成済み	皆与志町_テンプレート.txt	皆与志町	minayoshicho	yes	\\192.168.1.3\disk1\FSG_SEO\candy\HP\Text_area_data\分類_20260716_115215\01_間違い無し\皆与志町_テンプレート.txt	作成済み: existing page artifact: HP/kagoshima-deliveryhealth-area-minayoshicho.php / 作成済み: existing page artifact: HP/source/kagoshima-deliveryhealth-area-minayoshicho.html / 作成済み: existing page artifact: HP/includefile/dataset_kagoshima-deliveryhealth-area-minayoshicho.php / 作成済み: existing shared registration: HP/includefile/dataset_base.php / 作成済み: existing shared registration: HP/source/area.html / 作成済み: existing shared registration: HP/sitemap.xml
02_作成済み	皇徳寺台_テンプレート.txt	皇徳寺台	koutokujidai	yes	\\192.168.1.3\disk1\FSG_SEO\candy\HP\Text_area_data\分類_20260716_115215\01_間違い無し\皇徳寺台_テンプレート.txt	作成済み: existing page artifact: HP/kagoshima-deliveryhealth-area-koutokujidai.php / 作成済み: existing page artifact: HP/source/kagoshima-deliveryhealth-area-koutokujidai.html / 作成済み: existing page artifact: HP/includefile/dataset_kagoshima-deliveryhealth-area-koutokujidai.php / 作成済み: existing shared registration: HP/includefile/dataset_base.php / 作成済み: existing shared registration: HP/source/area.html
03_一覧名違い	皷川町_テンプレート.txt	皷川町	tsuzugawacho	yes	\\192.168.1.3\disk1\FSG_SEO\candy\HP\Text_area_data\分類_20260716_115215\01_間違い無し\皷川町_テンプレート.txt	一覧名違い: area list same-region slug mismatch: canonical=tsuzugawacho existing_region_slugs=tsuzukawacho
02_作成済み	直木町_テンプレート.txt	直木町	naokicho	yes	\\192.168.1.3\disk1\FSG_SEO\candy\HP\Text_area_data\分類_20260716_115215\01_間違い無し\直木町_テンプレート.txt	作成済み: existing shared registration: HP/source/area.html
03_一覧名違い	真砂本町_テンプレート .txt	真砂本町	masagohonmachi	yes	\\192.168.1.3\disk1\FSG_SEO\candy\HP\Text_area_data\分類_20260716_115215\06_複合_画像無し_間違い\真砂本町_テンプレート .txt	一覧名違い: area list same-region slug mismatch: canonical=masagohonmachi existing_region_slugs=masagohoncho
02_作成済み	真砂町_テンプレート.txt	真砂町	masagocho	yes	\\192.168.1.3\disk1\FSG_SEO\candy\HP\Text_area_data\分類_20260716_115215\01_間違い無し\真砂町_テンプレート.txt	作成済み: existing shared registration: HP/source/area.html
09_複合問題	石谷町_テンプレート.txt	aaaaaaaaaaaaaaaaaaaa	ishidanicho	no	\\192.168.1.3\disk1\FSG_SEO\candy\HP\Text_area_data\分類_20260716_115215\07_複合_情報足りない_間違い\石谷町_テンプレート.txt	入力不備: 基本情報sceneの情報が不足しています / 間違い: L75 placeholder残り / 未管理: direct input is not tracked in HEAD: HP/Text_area_data/石谷町_テンプレート.txt / 作成済み: existing page artifact: HP/kagoshima-deliveryhealth-area-ishidanicho.php / 作成済み: existing page artifact: HP/source/kagoshima-deliveryhealth-area-ishidanicho.html / 作成済み: existing page artifact: HP/includefile/dataset_kagoshima-deliveryhealth-area-ishidanicho.php / 作成済み: existing shared registration: HP/source/area.html / 作成済み: existing shared registration: HP/sitemap.xml
02_作成済み	祇園之洲町_テンプレート.txt	祇園之洲町	gionnosucho	yes	\\192.168.1.3\disk1\FSG_SEO\candy\HP\Text_area_data\分類_20260716_115215\01_間違い無し\祇園之洲町_テンプレート.txt	作成済み: existing page artifact: HP/kagoshima-deliveryhealth-area-gionnosucho.php / 作成済み: existing page artifact: HP/source/kagoshima-deliveryhealth-area-gionnosucho.html / 作成済み: existing page artifact: HP/includefile/dataset_kagoshima-deliveryhealth-area-gionnosucho.php / 作成済み: existing shared registration: HP/includefile/dataset_base.php / 作成済み: existing shared registration: HP/source/area.html
02_作成済み	福山町_テンプレート.txt	福山町	fukuyamacho	yes	\\192.168.1.3\disk1\FSG_SEO\candy\HP\Text_area_data\分類_20260716_115215\01_間違い無し\福山町_テンプレート.txt	作成済み: existing shared registration: HP/source/area.html
09_複合問題	稲荷町_テンプレート.txt	稲荷町	inaricho	yes	\\192.168.1.3\disk1\FSG_SEO\candy\HP\Text_area_data\分類_20260716_115215\01_間違い無し\稲荷町_テンプレート.txt	未管理: direct input is not tracked in HEAD: HP/Text_area_data/稲荷町_テンプレート.txt / 作成済み: existing page artifact: HP/kagoshima-deliveryhealth-area-inaricho.php / 作成済み: existing page artifact: HP/source/kagoshima-deliveryhealth-area-inaricho.html / 作成済み: existing page artifact: HP/includefile/dataset_kagoshima-deliveryhealth-area-inaricho.php / 作成済み: existing shared registration: HP/source/area.html / 作成済み: existing shared registration: HP/sitemap.xml
03_一覧名違い	紫原_テンプレート.txt	紫原	murasakibaru	yes	\\192.168.1.3\disk1\FSG_SEO\candy\HP\Text_area_data\分類_20260716_115215\01_間違い無し\紫原_テンプレート.txt	一覧名違い: area list same-region slug mismatch: canonical=murasakibaru existing_region_slugs=murasakibara
02_作成済み	緑ヶ丘町_テンプレート.txt	緑ケ丘町	midorigaokacho	yes	\\192.168.1.3\disk1\FSG_SEO\candy\HP\Text_area_data\分類_20260716_115215\01_間違い無し\緑ヶ丘町_テンプレート.txt	作成済み: existing shared registration: HP/source/area.html
02_作成済み	自由ヶ丘_テンプレート.txt	自由ヶ丘	jiyugaoka	yes	\\192.168.1.3\disk1\FSG_SEO\candy\HP\Text_area_data\分類_20260716_115215\01_間違い無し\自由ヶ丘_テンプレート.txt	作成済み: existing shared registration: HP/source/area.html
02_作成済み	船津町_テンプレート.txt	船津町	funatsucho	yes	\\192.168.1.3\disk1\FSG_SEO\candy\HP\Text_area_data\分類_20260716_115215\01_間違い無し\船津町_テンプレート.txt	作成済み: existing shared registration: HP/source/area.html
02_作成済み	花尾町_テンプレート.txt	花尾町	hanaomachi	yes	\\192.168.1.3\disk1\FSG_SEO\candy\HP\Text_area_data\分類_20260716_115215\01_間違い無し\花尾町_テンプレート.txt	作成済み: existing page artifact: HP/kagoshima-deliveryhealth-area-hanaomachi.php / 作成済み: existing page artifact: HP/source/kagoshima-deliveryhealth-area-hanaomachi.html / 作成済み: existing page artifact: HP/includefile/dataset_kagoshima-deliveryhealth-area-hanaomachi.php / 作成済み: existing shared registration: HP/includefile/dataset_base.php / 作成済み: existing shared registration: HP/source/area.html / 作成済み: existing shared registration: HP/sitemap.xml
02_作成済み	若葉町_テンプレート.txt	若葉町	wakabacho	yes	\\192.168.1.3\disk1\FSG_SEO\candy\HP\Text_area_data\分類_20260716_115215\01_間違い無し\若葉町_テンプレート.txt	作成済み: existing shared registration: HP/source/area.html
03_一覧名違い	草牟田_テンプレート.txt	草牟田	soumuta	yes	\\192.168.1.3\disk1\FSG_SEO\candy\HP\Text_area_data\分類_20260716_115215\01_間違い無し\草牟田_テンプレート.txt	一覧名違い: area list same-region slug mismatch: canonical=soumuta existing_region_slugs=kusumuta
03_一覧名違い	草牟田町_テンプレート.txt	草牟田町	soumutacho	yes	\\192.168.1.3\disk1\FSG_SEO\candy\HP\Text_area_data\分類_20260716_115215\01_間違い無し\草牟田町_テンプレート.txt	一覧名違い: area list same-region slug mismatch: canonical=soumutacho existing_region_slugs=kusumutacho
09_複合問題	荒田.txt	荒田	arata	no	\\192.168.1.3\disk1\FSG_SEO\candy\HP\Text_area_data\分類_20260716_115215\08_複合_画像無し_情報足りない_間違い\荒田.txt	入力不備: 必須項目不足: img_1, img_2, page_title_h1 / 未管理: direct input is not tracked in HEAD: HP/Text_area_data/荒田.txt / 作成済み: existing page artifact: HP/kagoshima-deliveryhealth-area-arata.php / 作成済み: existing page artifact: HP/source/kagoshima-deliveryhealth-area-arata.html / 作成済み: existing page artifact: HP/includefile/dataset_kagoshima-deliveryhealth-area-arata.php / 作成済み: existing shared registration: HP/includefile/dataset_base.php / 作成済み: existing shared registration: HP/source/area.html / 作成済み: existing shared registration: HP/sitemap.xml
09_複合問題	薬師_テンプレート.txt	aaaaaaaaaaaaaaaaaaaa		no	\\192.168.1.3\disk1\FSG_SEO\candy\HP\Text_area_data\分類_20260716_115215\08_複合_画像無し_情報足りない_間違い\薬師_テンプレート.txt	入力不備: 必須項目不足: canonical slug / 間違い: canonical slug missing / 未管理: direct input is not tracked in HEAD: HP/Text_area_data/薬師_テンプレート.txt / 作成済み: existing shared registration: HP/includefile/dataset_base.php / 作成済み: existing shared registration: HP/source/area.html / 作成済み: existing shared registration: HP/sitemap.xml / 画像なし: missing image: HP/imgHtml/new_202601/area/kagoshima-deliveryhealth-area-_1.jpg / 画像なし: missing image: HP/imgHtml/new_202601/area/kagoshima-deliveryhealth-area-_2.jpg
02_作成済み	西伊敷_テンプレート.txt	西伊敷	nishiishiki	yes	\\192.168.1.3\disk1\FSG_SEO\candy\HP\Text_area_data\分類_20260716_115215\01_間違い無し\西伊敷_テンプレート.txt	作成済み: existing shared registration: HP/source/area.html
02_作成済み	西佐多町_テンプレート.txt	西佐多町	nishisatacho	yes	\\192.168.1.3\disk1\FSG_SEO\candy\HP\Text_area_data\分類_20260716_115215\01_間違い無し\西佐多町_テンプレート.txt	作成済み: existing shared registration: HP/source/area.html
02_作成済み	西俣町_テンプレート.txt	西俣町	nishimatacho	yes	\\192.168.1.3\disk1\FSG_SEO\candy\HP\Text_area_data\分類_20260716_115215\01_間違い無し\西俣町_テンプレート.txt	作成済み: existing shared registration: HP/source/area.html
02_作成済み	西別府町_テンプレート.txt	西別府町	nishibeppucho	yes	\\192.168.1.3\disk1\FSG_SEO\candy\HP\Text_area_data\分類_20260716_115215\01_間違い無し\西別府町_テンプレート.txt	作成済み: existing shared registration: HP/source/area.html
02_作成済み	西千石町_テンプレート.txt	西千石町	nishisengokucho	yes	\\192.168.1.3\disk1\FSG_SEO\candy\HP\Text_area_data\分類_20260716_115215\01_間違い無し\西千石町_テンプレート.txt	作成済み: existing shared registration: HP/source/area.html
02_作成済み	西坂元町_テンプレート.txt	西坂元町	nishisakamotocho	yes	\\192.168.1.3\disk1\FSG_SEO\candy\HP\Text_area_data\分類_20260716_115215\01_間違い無し\西坂元町_テンプレート.txt	作成済み: existing shared registration: HP/source/area.html
02_作成済み	西田_テンプレート.txt	西田	nishida	yes	\\192.168.1.3\disk1\FSG_SEO\candy\HP\Text_area_data\分類_20260716_115215\01_間違い無し\西田_テンプレート.txt	作成済み: existing shared registration: HP/source/area.html
03_一覧名違い	西紫原町_テンプレート.txt	西紫原町	nishimurasakibarucho	yes	\\192.168.1.3\disk1\FSG_SEO\candy\HP\Text_area_data\分類_20260716_115215\01_間違い無し\西紫原町_テンプレート.txt	一覧名違い: area list same-region slug mismatch: canonical=nishimurasakibarucho existing_region_slugs=nishimurasakibaracho
02_作成済み	西谷山_テンプレート.txt	西谷山	nishitaniyama	yes	\\192.168.1.3\disk1\FSG_SEO\candy\HP\Text_area_data\分類_20260716_115215\01_間違い無し\西谷山_テンプレート.txt	作成済み: existing shared registration: HP/source/area.html
02_作成済み	西陵_テンプレート.txt	西陵	seiryo	yes	\\192.168.1.3\disk1\FSG_SEO\candy\HP\Text_area_data\分類_20260716_115215\01_間違い無し\西陵_テンプレート.txt	作成済み: existing shared registration: HP/source/area.html
03_一覧名違い	谷山中央_テンプレート.txt	谷山中央	taniyamachuuou	yes	\\192.168.1.3\disk1\FSG_SEO\candy\HP\Text_area_data\分類_20260716_115215\01_間違い無し\谷山中央_テンプレート.txt	一覧名違い: area list same-region slug mismatch: canonical=taniyamachuuou existing_region_slugs=taniyamachuo
03_一覧名違い	谷山港_テンプレート.txt	谷山港	taniyamakou	yes	\\192.168.1.3\disk1\FSG_SEO\candy\HP\Text_area_data\分類_20260716_115215\01_間違い無し\谷山港_テンプレート.txt	一覧名違い: area list same-region slug mismatch: canonical=taniyamakou existing_region_slugs=taniyamako
02_作成済み	郡元_テンプレート.txt	郡元	korimoto	yes	\\192.168.1.3\disk1\FSG_SEO\candy\HP\Text_area_data\分類_20260716_115215\01_間違い無し\郡元_テンプレート.txt	作成済み: existing page artifact: HP/kagoshima-deliveryhealth-area-korimoto.php / 作成済み: existing page artifact: HP/source/kagoshima-deliveryhealth-area-korimoto.html / 作成済み: existing page artifact: HP/includefile/dataset_kagoshima-deliveryhealth-area-korimoto.php / 作成済み: existing shared registration: HP/includefile/dataset_base.php / 作成済み: existing shared registration: HP/source/area.html
02_作成済み	郡元町_テンプレート.txt	郡元町	korimotocho	yes	\\192.168.1.3\disk1\FSG_SEO\candy\HP\Text_area_data\分類_20260716_115215\01_間違い無し\郡元町_テンプレート.txt	作成済み: existing page artifact: HP/kagoshima-deliveryhealth-area-korimotocho.php / 作成済み: existing page artifact: HP/source/kagoshima-deliveryhealth-area-korimotocho.html / 作成済み: existing page artifact: HP/includefile/dataset_kagoshima-deliveryhealth-area-korimotocho.php / 作成済み: existing shared registration: HP/includefile/dataset_base.php / 作成済み: existing shared registration: HP/source/area.html
02_作成済み	郡山岳町_テンプレート.txt	郡山岳町	koriyamadakecho	yes	\\192.168.1.3\disk1\FSG_SEO\candy\HP\Text_area_data\分類_20260716_115215\01_間違い無し\郡山岳町_テンプレート.txt	作成済み: existing page artifact: HP/kagoshima-deliveryhealth-area-koriyamadakecho.php / 作成済み: existing page artifact: HP/source/kagoshima-deliveryhealth-area-koriyamadakecho.html / 作成済み: existing page artifact: HP/includefile/dataset_kagoshima-deliveryhealth-area-koriyamadakecho.php / 作成済み: existing shared registration: HP/includefile/dataset_base.php / 作成済み: existing shared registration: HP/source/area.html
02_作成済み	郡山町_テンプレート.txt	郡山町	koriyamacho	yes	\\192.168.1.3\disk1\FSG_SEO\candy\HP\Text_area_data\分類_20260716_115215\01_間違い無し\郡山町_テンプレート.txt	作成済み: existing page artifact: HP/kagoshima-deliveryhealth-area-koriyamacho.php / 作成済み: existing page artifact: HP/source/kagoshima-deliveryhealth-area-koriyamacho.html / 作成済み: existing page artifact: HP/includefile/dataset_kagoshima-deliveryhealth-area-koriyamacho.php / 作成済み: existing shared registration: HP/includefile/dataset_base.php / 作成済み: existing shared registration: HP/source/area.html
02_作成済み	金生町_テンプレート.txt	金生町	kinseicho	yes	\\192.168.1.3\disk1\FSG_SEO\candy\HP\Text_area_data\分類_20260716_115215\01_間違い無し\金生町_テンプレート.txt	作成済み: existing page artifact: HP/kagoshima-deliveryhealth-area-kinseicho.php / 作成済み: existing page artifact: HP/source/kagoshima-deliveryhealth-area-kinseicho.html / 作成済み: existing page artifact: HP/includefile/dataset_kagoshima-deliveryhealth-area-kinseicho.php / 作成済み: existing shared registration: HP/includefile/dataset_base.php / 作成済み: existing shared registration: HP/source/area.html
02_作成済み	錦江台_テンプレート.txt	錦江台	kinkodai	yes	\\192.168.1.3\disk1\FSG_SEO\candy\HP\Text_area_data\分類_20260716_115215\01_間違い無し\錦江台_テンプレート.txt	作成済み: existing page artifact: HP/kagoshima-deliveryhealth-area-kinkodai.php / 作成済み: existing page artifact: HP/source/kagoshima-deliveryhealth-area-kinkodai.html / 作成済み: existing page artifact: HP/includefile/dataset_kagoshima-deliveryhealth-area-kinkodai.php / 作成済み: existing shared registration: HP/includefile/dataset_base.php / 作成済み: existing shared registration: HP/source/area.html
03_一覧名違い	長田町_テンプレート.txt	長田町	nagatacho	yes	\\192.168.1.3\disk1\FSG_SEO\candy\HP\Text_area_data\分類_20260716_115215\01_間違い無し\長田町_テンプレート.txt	一覧名違い: area list same-region slug mismatch: canonical=nagatacho existing_region_slugs=osadacho
09_複合問題	高麗町_テンプレート.txt	高麗町	koraicho	yes	\\192.168.1.3\disk1\FSG_SEO\candy\HP\Text_area_data\分類_20260716_115215\01_間違い無し\高麗町_テンプレート.txt	作成済み: existing page artifact: HP/kagoshima-deliveryhealth-area-koraicho.php / 作成済み: existing page artifact: HP/source/kagoshima-deliveryhealth-area-koraicho.html / 作成済み: existing page artifact: HP/includefile/dataset_kagoshima-deliveryhealth-area-koraicho.php / 一覧名違い: area list same-region slug mismatch: canonical=koraicho existing_region_slugs=komaicho / 作成済み: existing shared registration: HP/includefile/dataset_base.php
09_複合問題	魚見町_テンプレート.txt	魚見町	uomicho	yes	\\192.168.1.3\disk1\FSG_SEO\candy\HP\Text_area_data\分類_20260716_115215\01_間違い無し\魚見町_テンプレート.txt	未管理: direct input is not tracked in HEAD: HP/Text_area_data/魚見町_テンプレート.txt / 作成済み: existing page artifact: HP/kagoshima-deliveryhealth-area-uomicho.php / 作成済み: existing page artifact: HP/source/kagoshima-deliveryhealth-area-uomicho.html / 作成済み: existing page artifact: HP/includefile/dataset_kagoshima-deliveryhealth-area-uomicho.php / 作成済み: existing shared registration: HP/source/area.html / 作成済み: existing shared registration: HP/sitemap.xml
09_複合問題	鴨池_テンプレート.txt	鴨池	kamoike	yes	\\192.168.1.3\disk1\FSG_SEO\candy\HP\Text_area_data\分類_20260716_115215\01_間違い無し\鴨池_テンプレート.txt	未管理: direct input is not tracked in HEAD: HP/Text_area_data/鴨池_テンプレート.txt / 作成済み: existing page artifact: HP/kagoshima-deliveryhealth-area-kamoike.php / 作成済み: existing page artifact: HP/source/kagoshima-deliveryhealth-area-kamoike.html / 作成済み: existing page artifact: HP/includefile/dataset_kagoshima-deliveryhealth-area-kamoike.php / 一覧名違い: area list same-region slug mismatch: canonical=kamoike existing_region_slugs=kamoiike
03_一覧名違い	鷹師_テンプレート.txt	鷹師	takashi	yes	\\192.168.1.3\disk1\FSG_SEO\candy\HP\Text_area_data\分類_20260716_115215\01_間違い無し\鷹師_テンプレート.txt	一覧名違い: area list same-region slug mismatch: canonical=takashi existing_region_slugs=takanashi
