area_name_jp,area_name_kana,slug,public_php,source_html,expected_url,page_title,meta_description,h1,main_image,shop_image,map_url,map_title,status,has_placeholder,has_broken_image_candidate,has_noindex,has_json_ld,has_faq,notes
"荒田","不明","arata","H:\Data\01_CTI\candy_HP\kagoshima-deliveryhealth-area-arata.php","H:\Data\01_CTI\candy_HP\source\kagoshima-deliveryhealth-area-arata.html","https://www.55810.com/kagoshima-deliveryhealth-area-arata.php","鹿児島市荒田で呼べるデリヘル｜対応店舗・ホテル情報","鹿児島「荒田」で呼べる人気デリヘル店舗情報！交通費・ホテル一覧も掲載中！","鹿児島市荒田で呼べるデリヘル","./imgHtml/new_202601/area/kagoshima-deliveryhealth-area-arata_1.jpg","./imgHtml/new_202601/shop/candy.jpg","https://www.google.com/maps/embed?pb=!1m18!1m12!1m3!1d3398.95!2d130.544!3d31.581!2m3!1f0!2f0!3f0!3m2!1i1024!2i768!4f13.1!3m3!1m2!1s0x0%3A0x0!2z5qCD5pyo55yM6bm_5YWQ5bO255yM!5e0!3m2!1sja!2sjp","鹿児島市 荒田の地図","PHP/HTML対応あり; 画像パス切れ候補","なし","あり","あり","あり","あり","meta keywordsなし"
"有屋田町","不明","ariyadacho","H:\Data\01_CTI\candy_HP\kagoshima-deliveryhealth-area-ariyadacho.php","H:\Data\01_CTI\candy_HP\source\kagoshima-deliveryhealth-area-ariyadacho.html","https://www.55810.com/kagoshima-deliveryhealth-area-ariyadacho.php","鹿児島市有屋田町で呼べるデリヘル｜対応店舗・ホテル情報","鹿児島市「有屋田町」で呼べる人気デリヘル店舗情報！交通費・ホテル一覧も掲載中！","鹿児島市有屋田町で呼べるデリヘル","./imgHtml/new_202601/area/kagoshima-deliveryhealth-area-ariyadacho_1.jpg","./imgHtml/new_202601/shop/candy.jpg","https://www.google.com/maps/embed?pb=!1m18!1m12!1m3!1d13583.338802344215!2d130.436265408847!3d31.665741847890303!2m3!1f0!2f0!3f0!3m2!1i1024!2i768!4f13.1!3m3!1m2!1s0x353e42e6a76f5435%3A0xc4a23c0ee00dcacd!2z44CSODkxLTExMDcg6bm_5YWQ5bO255yM6bm_5YWQ5bO25biC5pyJ5bGL55Sw55S6!5e0!3m2!1sja!2sjp!4v1772081290061!5m2!1sja!2sjp","鹿児島市有屋田町の地図","PHP/HTML対応あり; 確認済み","なし","なし","あり","あり","あり","meta keywordsなし"
"祇園之洲町","不明","gionnosucho","H:\Data\01_CTI\candy_HP\kagoshima-deliveryhealth-area-gionnosucho.php","H:\Data\01_CTI\candy_HP\source\kagoshima-deliveryhealth-area-gionnosucho.html","https://www.55810.com/kagoshima-deliveryhealth-area-gionnosucho.php","鹿児島市aaaaaaaaaaaaaaaaaaaaで呼べるデリヘル｜対応店舗・ホテル情報","鹿児島「aaaaaaaaaaaaaaaaaaaa」で呼べる人気デリヘル店舗情報！交通費・ホテル一覧も掲載中！","鹿児島市aaaaaaaaaaaaaaaaaaaaで呼べるデリヘル","./imgHtml/new_202601/area/kagoshima-deliveryhealth-area-gionnosucho_1.jpg","未設定/未確認","aaaaaaaaaaaaaaaaaaaa","aaaaaaaaaaaaaaaaaaaa","PHP/HTML対応あり; placeholderあり","あり","なし","あり","あり","あり","area_name_jp根拠: area.htmlリンク文字; meta keywordsなし; JSON-LD構文不正候補; Map placeholder"
"呉服町","不明","gofukucho","H:\Data\01_CTI\candy_HP\kagoshima-deliveryhealth-area-gofukucho.php","H:\Data\01_CTI\candy_HP\source\kagoshima-deliveryhealth-area-gofukucho.html","https://www.55810.com/kagoshima-deliveryhealth-area-gofukucho.php","鹿児島市aaaaaaaaaaaaaaaaaaaaで呼べるデリヘル｜対応店舗・ホテル情報","鹿児島「aaaaaaaaaaaaaaaaaaaa」で呼べる人気デリヘル店舗情報！交通費・ホテル一覧も掲載中！","鹿児島市aaaaaaaaaaaaaaaaaaaaで呼べるデリヘル","./imgHtml/new_202601/area/kagoshima-deliveryhealth-area-gofukucho_1.jpg","未設定/未確認","aaaaaaaaaaaaaaaaaaaa","aaaaaaaaaaaaaaaaaaaa","PHP/HTML対応あり; placeholderあり","あり","なし","あり","あり","あり","area_name_jp根拠: area.htmlリンク文字; meta keywordsなし; JSON-LD構文不正候補; Map placeholder"
"五ヶ別府町","不明","gokabeppucho","H:\Data\01_CTI\candy_HP\kagoshima-deliveryhealth-area-gokabeppucho.php","H:\Data\01_CTI\candy_HP\source\kagoshima-deliveryhealth-area-gokabeppucho.html","https://www.55810.com/kagoshima-deliveryhealth-area-gokabeppucho.php","鹿児島市aaaaaaaaaaaaaaaaaaaaで呼べるデリヘル｜対応店舗・ホテル情報","鹿児島「aaaaaaaaaaaaaaaaaaaa」で呼べる人気デリヘル店舗情報！交通費・ホテル一覧も掲載中！","鹿児島市aaaaaaaaaaaaaaaaaaaaで呼べるデリヘル","./imgHtml/new_202601/area/kagoshima-deliveryhealth-area-gokabeppucho_1.jpg","未設定/未確認","aaaaaaaaaaaaaaaaaaaa","aaaaaaaaaaaaaaaaaaaa","PHP/HTML対応あり; placeholderあり","あり","なし","あり","あり","あり","area_name_jp根拠: area.htmlリンク文字; meta keywordsなし; JSON-LD構文不正候補; Map placeholder"
"花野光ヶ丘","不明","hananohikarigaoka","H:\Data\01_CTI\candy_HP\kagoshima-deliveryhealth-area-hananohikarigaoka.php","H:\Data\01_CTI\candy_HP\source\kagoshima-deliveryhealth-area-hananohikarigaoka.html","https://www.55810.com/kagoshima-deliveryhealth-area-hananohikarigaoka.php","鹿児島市aaaaaaaaaaaaaaaaaaaaで呼べるデリヘル｜対応店舗・ホテル情報","鹿児島「aaaaaaaaaaaaaaaaaaaa」で呼べる人気デリヘル店舗情報！交通費・ホテル一覧も掲載中！","鹿児島市aaaaaaaaaaaaaaaaaaaaで呼べるデリヘル","./imgHtml/new_202601/area/kagoshima-deliveryhealth-area-hananohikarigaoka_1.jpg","未設定/未確認","aaaaaaaaaaaaaaaaaaaa","aaaaaaaaaaaaaaaaaaaa","PHP/HTML対応あり; placeholderあり; 画像パス切れ候補","あり","あり","あり","あり","あり","area_name_jp根拠: area.htmlリンク文字; meta keywordsなし; JSON-LD構文不正候補; Map placeholder"
"平川町","不明","hirakawacho","H:\Data\01_CTI\candy_HP\kagoshima-deliveryhealth-area-hirakawacho.php","不明","/kagoshima-deliveryhealth-area-hirakawacho.php","不明","不明","不明","未設定/未確認","未設定/未確認","未設定/未確認","未設定/未確認","source HTMLなし; 未確認","なし","なし","なし","なし","なし","area_name_jp根拠: area.htmlリンク文字; meta keywordsなし; HTML未確認"
"池之上町","不明","ikenouecho","H:\Data\01_CTI\candy_HP\kagoshima-deliveryhealth-area-ikenouecho.php","H:\Data\01_CTI\candy_HP\source\kagoshima-deliveryhealth-area-ikenouecho.html","https://www.55810.com/kagoshima-deliveryhealth-area-ikenouecho.php","鹿児島市池之上町で呼べるデリヘル｜対応店舗・ホテル情報","鹿児島市「池之上町」で呼べる人気デリヘル店舗情報！交通費・ホテル一覧も掲載中！","鹿児島市池之上町で呼べるデリヘル","./imgHtml/new_202601/area/kagoshima-deliveryhealth-area-ikenouecho_1.jpg","./imgHtml/new_202601/shop/candy.jpg","https://www.google.com/maps/embed?pb=!1m18!1m12!1m3!1d3397.85451589082!2d130.55917741174747!3d31.610445992577628!2m3!1f0!2f0!3f0!3m2!1i1024!2i768!4f13.1!3m3!1m2!1s0x353e5e725ac7805d%3A0x9334843c8381fe8c!2z44CSODkyLTA4MDYg6bm_5YWQ5bO255yM6bm_5YWQ5bO25biC5rGg5LmL5LiK55S6!5e0!3m2!1sja!2sjp!4v1772079676910!5m2!1sja!2sjp","鹿児島市池之上町の地図","PHP/HTML対応あり; 確認済み","なし","なし","あり","あり","あり","meta keywordsなし"
"稲荷町","不明","inaricho","H:\Data\01_CTI\candy_HP\kagoshima-deliveryhealth-area-inaricho.php","H:\Data\01_CTI\candy_HP\source\kagoshima-deliveryhealth-area-inaricho.html","https://www.55810.com/kagoshima-deliveryhealth-area-inaricho.php","鹿児島市稲荷町で呼べるデリヘル｜対応店舗・ホテル情報","鹿児島市「稲荷町」で呼べる人気デリヘル店舗情報！交通費・ホテル一覧も掲載中！","鹿児島「稲荷町」で呼べるデリヘル","./imgHtml/new_202601/area/kagoshima-deliveryhealth-area-inaricho_1.jpg","./imgHtml/new_202601/shop/candy.jpg","https://www.google.com/maps/embed?pb=!1m18!1m12!1m3!1d6795.494447000634!2d130.56378486713464!3d31.613385483002435!2m3!1f0!2f0!3f0!3m2!1i1024!2i768!4f13.1!3m3!1m2!1s0x353e5e68b40ee6fb%3A0x2289d5d6ec05d4e!2z44CSODkyLTA4MDEg6bm_5YWQ5bO255yM6bm_5YWQ5bO25biC56iy6I2355S6!5e0!3m2!1sja!2sjp!4v1772089996795!5m2!1sja!2sjp","鹿児島市稲荷町の地図","PHP/HTML対応あり; 確認済み","なし","なし","あり","あり","あり","meta keywordsなし"
"犬迫町","不明","inusakocho","H:\Data\01_CTI\candy_HP\kagoshima-deliveryhealth-area-inusakocho.php","H:\Data\01_CTI\candy_HP\source\kagoshima-deliveryhealth-area-inusakocho.html","https://www.55810.com/kagoshima-deliveryhealth-area-inusakocho.php","鹿児島市犬迫町で呼べるデリヘル｜対応店舗・ホテル情報","鹿児島市「犬迫町」で呼べる人気デリヘル店舗情報！交通費・ホテル一覧も掲載中！","鹿児島市犬迫町で呼べるデリヘル","./imgHtml/new_202601/area/kagoshima-deliveryhealth-area-inusakocho_1.jpg","./imgHtml/new_202601/shop/candy.jpg","https://www.google.com/maps/embed?pb=!1m18!1m12!1m3!1d27177.544545664692!2d130.47011251585565!3d31.628563780912163!2m3!1f0!2f0!3f0!3m2!1i1024!2i768!4f13.1!3m3!1m2!1s0x353e5d4247344927%3A0x5f06228884413888!2z44CSODkxLTEyMDUg6bm_5YWQ5bO255yM6bm_5YWQ5bO25biC54qs6L-r55S6!5e0!3m2!1sja!2sjp!4v1772070218764!5m2!1sja!2sjp","鹿児島市犬迫町の地図","PHP/HTML対応あり; 画像パス切れ候補","なし","あり","あり","あり","あり","meta keywordsなし"
"入佐町","不明","irisacho","H:\Data\01_CTI\candy_HP\kagoshima-deliveryhealth-area-irisacho.php","H:\Data\01_CTI\candy_HP\source\kagoshima-deliveryhealth-area-irisacho.html","https://www.55810.com/kagoshima-deliveryhealth-area-irisacho.php","鹿児島市入佐町で呼べるデリヘル｜対応店舗・ホテル情報","鹿児島市「入佐町」で呼べる人気デリヘル店舗情報！交通費・ホテル一覧も掲載中！","鹿児島市入佐町で呼べるデリヘル","./imgHtml/new_202601/area/kagoshima-deliveryhealth-area-irisacho_1.jpg","./imgHtml/new_202601/shop/candy.jpg","https://www.google.com/maps/embed?pb=!1m18!1m12!1m3!1d27191.379037834715!2d130.38136276576614!3d31.581176350899543!2m3!1f0!2f0!3f0!3m2!1i1024!2i768!4f13.1!3m3!1m2!1s0x353e694fa1e77873%3A0xf03b52030b373c0!2z6bm_5YWQ5bO255yM6bm_5YWQ5bO25biC5YWl5L2Q55S6!5e0!3m2!1sja!2sjp!4v1772080232354!5m2!1sja!2sjp","鹿児島市入佐町の地図","PHP/HTML対応あり; 確認済み","なし","なし","あり","あり","あり","meta keywordsなし"
"石谷町","不明","ishidanicho","H:\Data\01_CTI\candy_HP\kagoshima-deliveryhealth-area-ishidanicho.php","H:\Data\01_CTI\candy_HP\source\kagoshima-deliveryhealth-area-ishidanicho.html","https://www.55810.com/kagoshima-deliveryhealth-area-ishidanicho.php","鹿児島市石谷町で呼べるデリヘル｜対応店舗・ホテル情報","鹿児島市「石谷町」で呼べる人気デリヘル店舗情報！交通費・ホテル一覧も掲載中！","鹿児島市石谷町で呼べるデリヘル","./imgHtml/new_202601/area/kagoshima-deliveryhealth-area-ishidanicho_1.jpg","./imgHtml/new_202601/shop/candy.jpg","https://www.google.com/maps/embed?pb=!1m18!1m12!1m3!1d38756.44842922983!2d130.42925501185334!3d31.611237795068188!2m3!1f0!2f0!3f0!3m2!1i1024!2i768!4f13.1!3m3!1m2!1s0x353e684066110cdb%3A0x2e50986ace8b4927!2z44CSODk5LTI3MDEg6bm_5YWQ5bO255yM6bm_5YWQ5bO25biC55-z6LC355S6!5e1!3m2!1sja!2sjp!4v1772151189393!5m2!1sja!2sjp","鹿児島市石谷町の地図","PHP/HTML対応あり; 確認済み","なし","なし","あり","あり","あり","meta keywordsなし"
"伊敷","不明","ishiki","H:\Data\01_CTI\candy_HP\kagoshima-deliveryhealth-area-ishiki.php","H:\Data\01_CTI\candy_HP\source\kagoshima-deliveryhealth-area-ishiki.html","https://www.55810.com/kagoshima-deliveryhealth-area-ishiki.php","鹿児島市伊敷で呼べるデリヘル｜対応店舗・ホテル情報","鹿児島「伊敷」で呼べる人気デリヘル店舗情報！交通費・ホテル一覧も掲載中！","鹿児島市伊敷で呼べるデリヘル","./imgHtml/new_202601/area/kagoshima-deliveryhealth-area-ishiki_1.jpg","./imgHtml/new_202601/shop/candy.jpg","https://www.google.com/maps/embed?pb=!1m18!1m12!1m3!1d23356.42529804017!2d130.51709018343197!3d31.6256840366534!2m3!1f0!2f0!3f0!3m2!1i1024!2i768!4f13.1!3m3!1m2!1s0x353e5dbbf9f1265d%3A0xff447f86599de582!2z44CSODkwLTAwMDgg6bm_5YWQ5bO255yM6bm_5YWQ5bO25biC5LyK5pW3!5e1!3m2!1sja!2sjp!4v1771994007512!5m2!1sja!2sjp","鹿児島市伊敷の地図","PHP/HTML対応あり; 画像パス切れ候補","なし","あり","あり","あり","あり","meta keywordsなし"
"伊敷台","不明","ishikidai","H:\Data\01_CTI\candy_HP\kagoshima-deliveryhealth-area-ishikidai.php","H:\Data\01_CTI\candy_HP\source\kagoshima-deliveryhealth-area-ishikidai.html","https://www.55810.com/kagoshima-deliveryhealth-area-ishikidai.php","鹿児島市伊敷台で呼べるデリヘル｜対応店舗・ホテル情報","鹿児島「伊敷台」で呼べる人気デリヘル店舗情報！交通費・ホテル一覧も掲載中！","鹿児島市伊敷台で呼べるデリヘル","./imgHtml/new_202601/area/kagoshima-deliveryhealth-area-ishikidai_1.jpg","./imgHtml/new_202601/shop/candy.jpg","https://www.google.com/maps/embed?pb=!1m18!1m12!1m3!1d19233.49735363923!2d130.5306281738561!3d31.626482157602744!2m3!1f0!2f0!3f0!3m2!1i1024!2i768!4f13.1!3m3!1m2!1s0x353e5dcfa15d1cb9%3A0x5d719b3cbf650a88!2z44CSODkwLTAwMDcg6bm_5YWQ5bO255yM6bm_5YWQ5bO25biC5LyK5pW35Y-w!5e1!3m2!1sja!2sjp!4v1772009117683!5m2!1sja!2sjp","鹿児島市伊敷台の地図","PHP/HTML対応あり; 画像パス切れ候補","なし","あり","あり","あり","あり","meta keywordsなし"
"泉町","不明","izumicho","H:\Data\01_CTI\candy_HP\kagoshima-deliveryhealth-area-izumicho.php","H:\Data\01_CTI\candy_HP\source\kagoshima-deliveryhealth-area-izumicho.html","https://www.55810.com/kagoshima-deliveryhealth-area-izumicho.php","鹿児島市泉町で呼べるデリヘル｜対応店舗・ホテル情報","鹿児島市「泉町」で呼べる人気デリヘル店舗情報！交通費・ホテル一覧も掲載中！","鹿児島市泉町で呼べるデリヘル","./imgHtml/new_202601/area/kagoshima-deliveryhealth-area-izumicho_1.jpg","./imgHtml/new_202601/shop/candy.jpg","https://www.google.com/maps/embed?pb=!1m18!1m12!1m3!1d1699.2432065124128!2d130.55889970666874!3d31.593128928197835!2m3!1f0!2f0!3f0!3m2!1i1024!2i768!4f13.1!3m3!1m2!1s0x353e5e0393d7561f%3A0xfba33729dfefa69f!2z44CSODkyLTA4MjIg6bm_5YWQ5bO255yM6bm_5YWQ5bO25biC5rOJ55S6!5e0!3m2!1sja!2sjp!4v1772078177948!5m2!1sja!2sjp","鹿児島市泉町の地図","PHP/HTML対応あり; 確認済み","なし","なし","あり","あり","あり","meta keywordsなし"
"加治屋町","不明","kajiyacho","H:\Data\01_CTI\candy_HP\kagoshima-deliveryhealth-area-kajiyacho.php","H:\Data\01_CTI\candy_HP\source\kagoshima-deliveryhealth-area-kajiyacho.html","https://www.55810.com/kagoshima-deliveryhealth-area-kajiyacho.php","鹿児島市加治屋町で呼べるデリヘル｜対応店舗・ホテル情報","鹿児島市「加治屋町」で呼べる人気デリヘル店舗情報！交通費・ホテル一覧も掲載中！","鹿児島市「加治屋町」で呼べるデリヘル","./imgHtml/new_202601/area/kagoshima-deliveryhealth-area-kajiyacho_1.jpg","./imgHtml/new_202601/shop/candy.jpg","https://www.google.com/maps/embed?pb=!1m18!1m12!1m3!1d3398.7624467711885!2d130.54788054191033!3d31.585561585708607!2m3!1f0!2f0!3f0!3m2!1i1024!2i768!4f13.1!3m3!1m2!1s0x353e6753b4572bbd%3A0xc8baea96c72e80a2!2z44CSODkyLTA4NDYg6bm_5YWQ5bO255yM6bm_5YWQ5bO25biC5Yqg5rK75bGL55S6!5e0!3m2!1sja!2sjp!4v1772155002055!5m2!1sja!2sjp","鹿児島市加治屋町の地図","PHP/HTML対応あり; 確認済み","なし","なし","あり","あり","あり","meta keywordsなし"
"上福元町","不明","kamifukumotocho","H:\Data\01_CTI\candy_HP\kagoshima-deliveryhealth-area-kamifukumotocho.php","不明","/kagoshima-deliveryhealth-area-kamifukumotocho.php","不明","不明","不明","未設定/未確認","未設定/未確認","未設定/未確認","未設定/未確認","source HTMLなし; 未確認","なし","なし","なし","なし","なし","area_name_jp根拠: area.htmlリンク文字; meta keywordsなし; HTML未確認"
"不明","不明","kamihonmachi","H:\Data\01_CTI\candy_HP\kagoshima-deliveryhealth-area-kamihonmachi.php","不明","/kagoshima-deliveryhealth-area-kamihonmachi.php","不明","不明","不明","未設定/未確認","未設定/未確認","未設定/未確認","未設定/未確認","source HTMLなし; 未確認","なし","なし","なし","なし","なし","area_name_jp根拠: 不明; meta keywordsなし; HTML未確認"
"上谷口町","不明","kamitaniguchicho","H:\Data\01_CTI\candy_HP\kagoshima-deliveryhealth-area-kamitaniguchicho.php","不明","/kagoshima-deliveryhealth-area-kamitaniguchicho.php","不明","不明","不明","未設定/未確認","未設定/未確認","未設定/未確認","未設定/未確認","source HTMLなし; 未確認","なし","なし","なし","なし","なし","area_name_jp根拠: area.htmlリンク文字; meta keywordsなし; HTML未確認"
"不明","不明","kamitatsuocho","H:\Data\01_CTI\candy_HP\kagoshima-deliveryhealth-area-kamitatsuocho.php","不明","/kagoshima-deliveryhealth-area-kamitatsuocho.php","不明","不明","不明","未設定/未確認","未設定/未確認","未設定/未確認","未設定/未確認","source HTMLなし; 未確認","なし","なし","なし","なし","なし","area_name_jp根拠: 不明; meta keywordsなし; HTML未確認"
"鴨池","不明","kamoike","H:\Data\01_CTI\candy_HP\kagoshima-deliveryhealth-area-kamoike.php","H:\Data\01_CTI\candy_HP\source\kagoshima-deliveryhealth-area-kamoike.html","https://www.55810.com/kagoshima-deliveryhealth-area-kamoike.php","鹿児島市鴨池で呼べるデリヘル｜対応店舗・ホテル情報","鹿児島市「鴨池」で呼べる人気デリヘル店舗情報！交通費・ホテル一覧も掲載中！","鹿児島市「鴨池」で呼べるデリヘル","./imgHtml/new_202601/area/kagoshima-deliveryhealth-area-kamoike_1.jpg","./imgHtml/new_202601/shop/candy.jpg","https://www.google.com/maps/embed?pb=!1m18!1m12!1m3!1d5717.248612876344!2d130.55070342993116!3d31.565433650455773!2m3!1f0!2f0!3f0!3m2!1i1024!2i768!4f13.1!3m3!1m2!1s0x353e67328af35d29%3A0x3a63cf0c744b857a!2z44CSODkwLTAwNjMg6bm_5YWQ5bO255yM6bm_5YWQ5bO25biC6bSo5rGg!5e0!3m2!1sja!2sjp!4v1772263356816!5m2!1sja!2sjp","鹿児島市鴨池の地図","PHP/HTML対応あり; 確認済み","なし","なし","あり","あり","あり","meta keywordsなし"
"鴨池新町","不明","kamoikeshinmachi","H:\Data\01_CTI\candy_HP\kagoshima-deliveryhealth-area-kamoikeshinmachi.php","H:\Data\01_CTI\candy_HP\source\kagoshima-deliveryhealth-area-kamoikeshinmachi.html","https://www.55810.com/kagoshima-deliveryhealth-area-kamoikeshinmachi.php","鹿児島市鴨池新町で呼べるデリヘル｜対応店舗・ホテル情報","鹿児島市「鴨池新町」で呼べる人気デリヘル店舗情報！交通費・ホテル一覧も掲載中！","鹿児島市「鴨池新町」で呼べるデリヘル","./imgHtml/new_202601/area/kagoshima-deliveryhealth-area-kamoikeshinmachi_1.jpg","./imgHtml/new_202601/shop/candy.jpg","https://www.google.com/maps/embed?pb=!1m18!1m12!1m3!1d13599.60191381372!2d130.54868065868519!3d31.554345770571203!2m3!1f0!2f0!3f0!3m2!1i1024!2i768!4f13.1!3m3!1m2!1s0x353e60d42842c671%3A0x280e09e07520fd31!2z44CSODkwLTAwNjQg6bm_5YWQ5bO255yM6bm_5YWQ5bO25biC6bSo5rGg5paw55S6!5e0!3m2!1sja!2sjp!4v1772411205743!5m2!1sja!2sjp","鹿児島市鴨池新町の地図","PHP/HTML対応あり; 確認済み","なし","なし","あり","あり","あり","meta keywordsなし"
"春日町","不明","kasugacho","H:\Data\01_CTI\candy_HP\kagoshima-deliveryhealth-area-kasugacho.php","H:\Data\01_CTI\candy_HP\source\kagoshima-deliveryhealth-area-kasugacho.html","https://www.55810.com/kagoshima-deliveryhealth-area-kasugacho.php","鹿児島市aaaaaaaaaaaaaaaaaaaaで呼べるデリヘル｜対応店舗・ホテル情報","鹿児島「aaaaaaaaaaaaaaaaaaaa」で呼べる人気デリヘル店舗情報！交通費・ホテル一覧も掲載中！","鹿児島市aaaaaaaaaaaaaaaaaaaaで呼べるデリヘル","./imgHtml/new_202601/area/kagoshima-deliveryhealth-area-kasugacho_1.jpg","未設定/未確認","aaaaaaaaaaaaaaaaaaaa","aaaaaaaaaaaaaaaaaaaa","PHP/HTML対応あり; placeholderあり","あり","なし","あり","あり","あり","area_name_jp根拠: area.htmlリンク文字; meta keywordsなし; JSON-LD構文不正候補; Map placeholder"
"不明","不明","kawadacho","H:\Data\01_CTI\candy_HP\kagoshima-deliveryhealth-area-kawadacho.php","不明","/kagoshima-deliveryhealth-area-kawadacho.php","不明","不明","不明","未設定/未確認","未設定/未確認","未設定/未確認","未設定/未確認","source HTMLなし; 未確認","なし","なし","なし","なし","なし","area_name_jp根拠: 不明; meta keywordsなし; HTML未確認"
"川上町","不明","kawakamicho","H:\Data\01_CTI\candy_HP\kagoshima-deliveryhealth-area-kawakamicho.php","不明","/kagoshima-deliveryhealth-area-kawakamicho.php","不明","不明","不明","未設定/未確認","未設定/未確認","未設定/未確認","未設定/未確認","source HTMLなし; 未確認","なし","なし","なし","なし","なし","area_name_jp根拠: area.htmlリンク文字; meta keywordsなし; HTML未確認"
"花野光ヶ丘","不明","kenohikarigaoka","H:\Data\01_CTI\candy_HP\kagoshima-deliveryhealth-area-kenohikarigaoka.php","H:\Data\01_CTI\candy_HP\source\kagoshima-deliveryhealth-area-kenohikarigaoka.html","https://www.55810.com/kagoshima-deliveryhealth-area-kenohikarigaoka.php","鹿児島市花野光ヶ丘で呼べるデリヘル｜対応店舗・ホテル情報","鹿児島市「花野光ヶ丘」で呼べる人気デリヘル店舗情報！交通費・ホテル一覧も掲載中！","鹿児島市「花野光ヶ丘」で呼べるデリヘル","./imgHtml/new_202601/area/kagoshima-deliveryhealth-area-kenohikarigaoka.1.jpg","./imgHtml/new_202601/shop/candy.jpg","https://www.google.com/maps/embed?pb=!1m18!1m12!1m3!1d5712.082520855735!2d130.5247936392204!3d31.649601644350852!2m3!1f0!2f0!3f0!3m2!1i1024!2i768!4f13.1!3m3!1m2!1s0x353e5c45c3a92e41%3A0x858353f4b151ed7e!2z44CSODkxLTEyMDQg6bm_5YWQ5bO255yM6bm_5YWQ5bO25biC6Iqx6YeO5YWJ44Kx5LiY!5e0!3m2!1sja!2sjp!4v1772686196955!5m2!1sja!2sjp","鹿児島市花野光ヶ丘の地図","PHP/HTML対応あり; 画像パス切れ候補","なし","あり","あり","あり","あり","meta keywordsなし"
"希望ヶ丘町","不明","kibougaokacho","H:\Data\01_CTI\candy_HP\kagoshima-deliveryhealth-area-kibougaokacho.php","H:\Data\01_CTI\candy_HP\source\kagoshima-deliveryhealth-area-kibougaokacho.html","https://www.55810.com/kagoshima-deliveryhealth-area-kibougaokacho.php","鹿児島市aaaaaaaaaaaaaaaaaaaaで呼べるデリヘル｜対応店舗・ホテル情報","鹿児島「aaaaaaaaaaaaaaaaaaaa」で呼べる人気デリヘル店舗情報！交通費・ホテル一覧も掲載中！","鹿児島市aaaaaaaaaaaaaaaaaaaaで呼べるデリヘル","./imgHtml/new_202601/area/kagoshima-deliveryhealth-area-kibougaokacho_1.jpg","未設定/未確認","aaaaaaaaaaaaaaaaaaaa","aaaaaaaaaaaaaaaaaaaa","PHP/HTML対応あり; placeholderあり","あり","なし","あり","あり","あり","area_name_jp根拠: area.htmlリンク文字; meta keywordsなし; JSON-LD構文不正候補; Map placeholder"
"喜入町","不明","kiirecho","H:\Data\01_CTI\candy_HP\kagoshima-deliveryhealth-area-kiirecho.php","H:\Data\01_CTI\candy_HP\source\kagoshima-deliveryhealth-area-kiirecho.html","https://www.55810.com/kagoshima-deliveryhealth-area-kiirecho.php","鹿児島市aaaaaaaaaaaaaaaaaaaaで呼べるデリヘル｜対応店舗・ホテル情報","鹿児島「aaaaaaaaaaaaaaaaaaaa」で呼べる人気デリヘル店舗情報！交通費・ホテル一覧も掲載中！","鹿児島市aaaaaaaaaaaaaaaaaaaaで呼べるデリヘル","./imgHtml/new_202601/area/kagoshima-deliveryhealth-area-kiirecho_1.jpg","未設定/未確認","aaaaaaaaaaaaaaaaaaaa","aaaaaaaaaaaaaaaaaaaa","PHP/HTML対応あり; placeholderあり","あり","なし","あり","あり","あり","area_name_jp根拠: area.htmlリンク文字; meta keywordsなし; JSON-LD構文不正候補; Map placeholder"
"喜入一倉町","不明","kiirehitokuracho","H:\Data\01_CTI\candy_HP\kagoshima-deliveryhealth-area-kiirehitokuracho.php","H:\Data\01_CTI\candy_HP\source\kagoshima-deliveryhealth-area-kiirehitokuracho.html","https://www.55810.com/kagoshima-deliveryhealth-area-kiirehitokuracho.php","鹿児島市喜入一倉町で呼べるデリヘル｜対応店舗・ホテル情報","鹿児島市「喜入一倉町」で呼べる人気デリヘル店舗情報！交通費・ホテル一覧も掲載中！","鹿児島市「喜入一倉町」で呼べるデリヘル","./imgHtml/new_202601/area/kagoshima-deliveryhealth-area-kiirehitokuracho_1.jpg","./imgHtml/new_202601/shop/candy.jpg","https://www.google.com/maps/embed?pb=!1m18!1m12!1m3!1d27259.77260907169!2d130.50698065298508!3d31.345963555719365!2m3!1f0!2f0!3f0!3m2!1i1024!2i768!4f13.1!3m3!1m2!1s0x353e79a9d2000d71%3A0xd4f660b1877e9156!2z6bm_5YWQ5bO255yM6bm_5YWQ5bO25biC5Zac5YWl5LiA5YCJ55S6!5e0!3m2!1sja!2sjp!4v1772508290127!5m2!1sja!2sjp","鹿児島市喜入一倉町の地図","PHP/HTML対応あり; 確認済み","なし","なし","あり","あり","あり","meta keywordsなし"
"喜入生見町","不明","kiireikemicho","H:\Data\01_CTI\candy_HP\kagoshima-deliveryhealth-area-kiireikemicho.php","H:\Data\01_CTI\candy_HP\source\kagoshima-deliveryhealth-area-kiireikemicho.html","https://www.55810.com/kagoshima-deliveryhealth-area-kiireikemicho.php","鹿児島市喜入生見町で呼べるデリヘル｜対応店舗・ホテル情報","鹿児島市「喜入生見町」で呼べる人気デリヘル店舗情報！交通費・ホテル一覧も掲載中！","鹿児島市「喜入生見町」で呼べるデリヘル","./imgHtml/new_202601/area/kagoshima-deliveryhealth-area-kiireikemicho_1.jpg","./imgHtml/new_202601/shop/candy.jpg","https://www.google.com/maps/embed?pb=!1m18!1m12!1m3!1d27269.72215121584!2d130.53179802085612!3d31.31161389896993!2m3!1f0!2f0!3f0!3m2!1i1024!2i768!4f13.1!3m3!1m2!1s0x353e7f33786f24c1%3A0x3706474ea6bc3a54!2z44CSODkxLTAyMDYg6bm_5YWQ5bO255yM6bm_5YWQ5bO25biC5Zac5YWl55Sf6KaL55S6!5e0!3m2!1sja!2sjp!4v1772437835470!5m2!1sja!2sjp","鹿児島市喜入生見町の地図","PHP/HTML対応あり; 確認済み","なし","なし","あり","あり","あり","meta keywordsなし"
"喜入一倉町","不明","kiireikkuracho","H:\Data\01_CTI\candy_HP\kagoshima-deliveryhealth-area-kiireikkuracho.php","H:\Data\01_CTI\candy_HP\source\kagoshima-deliveryhealth-area-kiireikkuracho.html","https://www.55810.com/kagoshima-deliveryhealth-area-kiireikkuracho.php","鹿児島市aaaaaaaaaaaaaaaaaaaaで呼べるデリヘル｜対応店舗・ホテル情報","鹿児島「aaaaaaaaaaaaaaaaaaaa」で呼べる人気デリヘル店舗情報！交通費・ホテル一覧も掲載中！","鹿児島市aaaaaaaaaaaaaaaaaaaaで呼べるデリヘル","./imgHtml/new_202601/area/kagoshima-deliveryhealth-area-kiireikkuracho_1.jpg","未設定/未確認","aaaaaaaaaaaaaaaaaaaa","aaaaaaaaaaaaaaaaaaaa","PHP/HTML対応あり; placeholderあり; 画像パス切れ候補","あり","あり","あり","あり","あり","area_name_jp根拠: area.htmlリンク文字; meta keywordsなし; JSON-LD構文不正候補; Map placeholder"
"喜入前之浜町","不明","kiiremaenohamacho","H:\Data\01_CTI\candy_HP\kagoshima-deliveryhealth-area-kiiremaenohamacho.php","H:\Data\01_CTI\candy_HP\source\kagoshima-deliveryhealth-area-kiiremaenohamacho.html","https://www.55810.com/kagoshima-deliveryhealth-area-kiiremaenohamacho.php","鹿児島市喜入前之浜町で呼べるデリヘル｜対応店舗・ホテル情報","鹿児島市「喜入前之浜町」で呼べる人気デリヘル店舗情報！交通費・ホテル一覧も掲載中！","鹿児島市「喜入前之浜町」で呼べるデリヘル","./imgHtml/new_202601/area/kagoshima-deliveryhealth-area-kiiremaenohamacho_1.jpg","./imgHtml/new_202601/shop/candy.jpg","https://www.google.com/maps/embed?pb=!1m18!1m12!1m3!1d27263.163428432737!2d130.54518930250433!3d31.334260939082725!2m3!1f0!2f0!3f0!3m2!1i1024!2i768!4f13.1!3m3!1m2!1s0x353e7924357997c1%3A0xc1e0a8d7cbf6d182!2z44CSODkxLTAyMDUg6bm_5YWQ5bO255yM6bm_5YWQ5bO25biC5Zac5YWl5YmN5LmL5rWc55S6!5e0!3m2!1sja!2sjp!4v1772511738389!5m2!1sja!2sjp","鹿児島市喜入前之浜町の地図","PHP/HTML対応あり; 確認済み","なし","なし","あり","あり","あり","meta keywordsなし"
"不明","不明","kiirenakamyoch","H:\Data\01_CTI\candy_HP\kagoshima-deliveryhealth-area-kiirenakamyoch.php","不明","/kagoshima-deliveryhealth-area-kiirenakamyoch.php","不明","不明","不明","未設定/未確認","未設定/未確認","未設定/未確認","未設定/未確認","source HTMLなし; 未確認","なし","なし","なし","なし","なし","area_name_jp根拠: 不明; meta keywordsなし; HTML未確認"
"不明","不明","kiirenakamyocho","H:\Data\01_CTI\candy_HP\kagoshima-deliveryhealth-area-kiirenakamyocho.php","H:\Data\01_CTI\candy_HP\source\kagoshima-deliveryhealth-area-kiirenakamyocho.html","https://www.55810.com/kagoshima-deliveryhealth-area-kiirenakamyocho.php","鹿児島市aaaaaaaaaaaaaaaaaaaaで呼べるデリヘル｜対応店舗・ホテル情報","鹿児島「aaaaaaaaaaaaaaaaaaaa」で呼べる人気デリヘル店舗情報！交通費・ホテル一覧も掲載中！","鹿児島市aaaaaaaaaaaaaaaaaaaaで呼べるデリヘル","./imgHtml/new_202601/area/kagoshima-deliveryhealth-area-kiirenakamyocho_1.jpg","未設定/未確認","aaaaaaaaaaaaaaaaaaaa","aaaaaaaaaaaaaaaaaaaa","PHP/HTML対応あり; placeholderあり","あり","なし","あり","あり","あり","area_name_jp根拠: 不明; meta keywordsなし; JSON-LD構文不正候補; Map placeholder"
"喜入瀬々串町","不明","kiiresesekushicho","H:\Data\01_CTI\candy_HP\kagoshima-deliveryhealth-area-kiiresesekushicho.php","H:\Data\01_CTI\candy_HP\source\kagoshima-deliveryhealth-area-kiiresesekushicho.html","https://www.55810.com/kagoshima-deliveryhealth-area-kiiresesekushicho.php","鹿児島市喜入瀬々串町で呼べるデリヘル｜対応店舗・ホテル情報","鹿児島市「喜入瀬々串町」で呼べる人気デリヘル店舗情報！交通費・ホテル一覧も掲載中！","鹿児島市「喜入瀬々串町」で呼べるデリヘル","./imgHtml/new_202601/area/kagoshima-deliveryhealth-area-kiiresesekushicho_1.jpg","./imgHtml/new_202601/shop/candy.jpg","https://www.google.com/maps/embed?pb=!1m18!1m12!1m3!1d27238.8088561642!2d130.49019707108332!3d31.418228095799623!2m3!1f0!2f0!3f0!3m2!1i1024!2i768!4f13.1!3m3!1m2!1s0x353e7aff7f58f727%3A0x3d6f1f91cf712dcf!2z44CSODkxLTAyMDEg6bm_5YWQ5bO255yM6bm_5YWQ5bO25biC5Zac5YWl54Cs44CF5Liy55S6!5e0!3m2!1sja!2sjp!4v1772423617087!5m2!1sja!2sjp","鹿児島市喜入瀬々串町の地図","PHP/HTML対応あり; 確認済み","なし","なし","あり","あり","あり","meta keywordsなし"
"錦江町","不明","kinkocho","H:\Data\01_CTI\candy_HP\kagoshima-deliveryhealth-area-kinkocho.php","H:\Data\01_CTI\candy_HP\source\kagoshima-deliveryhealth-area-kinkocho.html","https://www.55810.com/kagoshima-deliveryhealth-area-kinkocho.php","鹿児島市錦江町で呼べるデリヘル｜対応店舗・ホテル情報","鹿児島「錦江町」で呼べる人気デリヘル店舗情報！交通費・ホテル一覧も掲載中！","鹿児島市錦江町で呼べるデリヘル","./imgHtml/new_202601/area/kagoshima-deliveryhealth-area-kinkocho_1.jpg","./imgHtml/new_202601/shop/candy.jpg","https://www.google.com/maps/embed?pb=!1m18!1m12!1m3!1d6798.244766346967!2d130.56066819590538!3d31.575691646754528!2m3!1f0!2f0!3f0!3m2!1i1024!2i768!4f13.1!3m3!1m2!1s0x353e60baee1dd2e5%3A0x3fff96d61defea20!2z44CSODkyLTA4MzYg6bm_5YWQ5bO255yM6bm_5YWQ5bO25biC6Yym5rGf55S6!5e0!3m2!1sja!2sjp!4v1770003782917!5m2!1sja!2sjp","鹿児島市 錦江町の地図","PHP/HTML対応あり; 確認済み","なし","なし","あり","あり","あり","meta keywordsなし"
"錦江台","不明","kinkodai","H:\Data\01_CTI\candy_HP\kagoshima-deliveryhealth-area-kinkodai.php","H:\Data\01_CTI\candy_HP\source\kagoshima-deliveryhealth-area-kinkodai.html","https://www.55810.com/kagoshima-deliveryhealth-area-kinkodai.php","鹿児島市aaaaaaaaaaaaaaaaaaaaで呼べるデリヘル｜対応店舗・ホテル情報","鹿児島「aaaaaaaaaaaaaaaaaaaa」で呼べる人気デリヘル店舗情報！交通費・ホテル一覧も掲載中！","鹿児島市aaaaaaaaaaaaaaaaaaaaで呼べるデリヘル","./imgHtml/new_202601/area/kagoshima-deliveryhealth-area-kinkodai_1.jpg","未設定/未確認","aaaaaaaaaaaaaaaaaaaa","aaaaaaaaaaaaaaaaaaaa","PHP/HTML対応あり; placeholderあり","あり","なし","あり","あり","あり","area_name_jp根拠: area.htmlリンク文字; meta keywordsなし; JSON-LD構文不正候補; Map placeholder"
"金生町","不明","kinseicho","H:\Data\01_CTI\candy_HP\kagoshima-deliveryhealth-area-kinseicho.php","H:\Data\01_CTI\candy_HP\source\kagoshima-deliveryhealth-area-kinseicho.html","https://www.55810.com/kagoshima-deliveryhealth-area-kinseicho.php","鹿児島市aaaaaaaaaaaaaaaaaaaaで呼べるデリヘル｜対応店舗・ホテル情報","鹿児島「aaaaaaaaaaaaaaaaaaaa」で呼べる人気デリヘル店舗情報！交通費・ホテル一覧も掲載中！","鹿児島市aaaaaaaaaaaaaaaaaaaaで呼べるデリヘル","./imgHtml/new_202601/area/kagoshima-deliveryhealth-area-kinseicho_1.jpg","未設定/未確認","aaaaaaaaaaaaaaaaaaaa","aaaaaaaaaaaaaaaaaaaa","PHP/HTML対応あり; placeholderあり","あり","なし","あり","あり","あり","area_name_jp根拠: area.htmlリンク文字; meta keywordsなし; JSON-LD構文不正候補; Map placeholder"
"小松原","不明","komatsubara","H:\Data\01_CTI\candy_HP\kagoshima-deliveryhealth-area-komatsubara.php","不明","/kagoshima-deliveryhealth-area-komatsubara.php","不明","不明","不明","未設定/未確認","未設定/未確認","未設定/未確認","未設定/未確認","source HTMLなし; 未確認","なし","なし","なし","なし","なし","area_name_jp根拠: area.htmlリンク文字; meta keywordsなし; HTML未確認"
"不明","不明","koraicho","H:\Data\01_CTI\candy_HP\kagoshima-deliveryhealth-area-koraicho.php","H:\Data\01_CTI\candy_HP\source\kagoshima-deliveryhealth-area-koraicho.html","https://www.55810.com/kagoshima-deliveryhealth-area-koraicho.php","鹿児島市aaaaaaaaaaaaaaaaaaaaで呼べるデリヘル｜対応店舗・ホテル情報","鹿児島「aaaaaaaaaaaaaaaaaaaa」で呼べる人気デリヘル店舗情報！交通費・ホテル一覧も掲載中！","鹿児島市aaaaaaaaaaaaaaaaaaaaで呼べるデリヘル","./imgHtml/new_202601/area/kagoshima-deliveryhealth-area-koraicho_1.jpg","未設定/未確認","aaaaaaaaaaaaaaaaaaaa","aaaaaaaaaaaaaaaaaaaa","PHP/HTML対応あり; placeholderあり","あり","なし","あり","あり","あり","area_name_jp根拠: 不明; meta keywordsなし; JSON-LD構文不正候補; Map placeholder"
"郡元","不明","korimoto","H:\Data\01_CTI\candy_HP\kagoshima-deliveryhealth-area-korimoto.php","H:\Data\01_CTI\candy_HP\source\kagoshima-deliveryhealth-area-korimoto.html","https://www.55810.com/kagoshima-deliveryhealth-area-korimoto.php","鹿児島市aaaaaaaaaaaaaaaaaaaaで呼べるデリヘル｜対応店舗・ホテル情報","鹿児島「aaaaaaaaaaaaaaaaaaaa」で呼べる人気デリヘル店舗情報！交通費・ホテル一覧も掲載中！","鹿児島市aaaaaaaaaaaaaaaaaaaaで呼べるデリヘル","./imgHtml/new_202601/area/kagoshima-deliveryhealth-area-korimoto_1.jpg","未設定/未確認","aaaaaaaaaaaaaaaaaaaa","aaaaaaaaaaaaaaaaaaaa","PHP/HTML対応あり; placeholderあり","あり","なし","あり","あり","あり","area_name_jp根拠: area.htmlリンク文字; meta keywordsなし; JSON-LD構文不正候補; Map placeholder"
"郡元町","不明","korimotocho","H:\Data\01_CTI\candy_HP\kagoshima-deliveryhealth-area-korimotocho.php","H:\Data\01_CTI\candy_HP\source\kagoshima-deliveryhealth-area-korimotocho.html","https://www.55810.com/kagoshima-deliveryhealth-area-korimotocho.php","鹿児島市aaaaaaaaaaaaaaaaaaaaで呼べるデリヘル｜対応店舗・ホテル情報","鹿児島「aaaaaaaaaaaaaaaaaaaa」で呼べる人気デリヘル店舗情報！交通費・ホテル一覧も掲載中！","鹿児島市aaaaaaaaaaaaaaaaaaaaで呼べるデリヘル","./imgHtml/new_202601/area/kagoshima-deliveryhealth-area-korimotocho_1.jpg","未設定/未確認","aaaaaaaaaaaaaaaaaaaa","aaaaaaaaaaaaaaaaaaaa","PHP/HTML対応あり; placeholderあり","あり","なし","あり","あり","あり","area_name_jp根拠: area.htmlリンク文字; meta keywordsなし; JSON-LD構文不正候補; Map placeholder"
"郡山町","不明","koriyamacho","H:\Data\01_CTI\candy_HP\kagoshima-deliveryhealth-area-koriyamacho.php","H:\Data\01_CTI\candy_HP\source\kagoshima-deliveryhealth-area-koriyamacho.html","https://www.55810.com/kagoshima-deliveryhealth-area-koriyamacho.php","鹿児島市aaaaaaaaaaaaaaaaaaaaで呼べるデリヘル｜対応店舗・ホテル情報","鹿児島「aaaaaaaaaaaaaaaaaaaa」で呼べる人気デリヘル店舗情報！交通費・ホテル一覧も掲載中！","鹿児島市aaaaaaaaaaaaaaaaaaaaで呼べるデリヘル","./imgHtml/new_202601/area/kagoshima-deliveryhealth-area-koriyamacho_1.jpg","未設定/未確認","aaaaaaaaaaaaaaaaaaaa","aaaaaaaaaaaaaaaaaaaa","PHP/HTML対応あり; placeholderあり","あり","なし","あり","あり","あり","area_name_jp根拠: area.htmlリンク文字; meta keywordsなし; JSON-LD構文不正候補; Map placeholder"
"郡山岳町","不明","koriyamadakecho","H:\Data\01_CTI\candy_HP\kagoshima-deliveryhealth-area-koriyamadakecho.php","H:\Data\01_CTI\candy_HP\source\kagoshima-deliveryhealth-area-koriyamadakecho.html","https://www.55810.com/kagoshima-deliveryhealth-area-koriyamadakecho.php","鹿児島市aaaaaaaaaaaaaaaaaaaaで呼べるデリヘル｜対応店舗・ホテル情報","鹿児島「aaaaaaaaaaaaaaaaaaaa」で呼べる人気デリヘル店舗情報！交通費・ホテル一覧も掲載中！","鹿児島市aaaaaaaaaaaaaaaaaaaaで呼べるデリヘル","./imgHtml/new_202601/area/kagoshima-deliveryhealth-area-koriyamadakecho_1.jpg","未設定/未確認","aaaaaaaaaaaaaaaaaaaa","aaaaaaaaaaaaaaaaaaaa","PHP/HTML対応あり; placeholderあり","あり","なし","あり","あり","あり","area_name_jp根拠: area.htmlリンク文字; meta keywordsなし; JSON-LD構文不正候補; Map placeholder"
"甲突町","不明","kotsukicho","H:\Data\01_CTI\candy_HP\kagoshima-deliveryhealth-area-kotsukicho.php","H:\Data\01_CTI\candy_HP\source\kagoshima-deliveryhealth-area-kotsukicho.html","https://www.55810.com/kagoshima-deliveryhealth-area-kotsukicho.php","鹿児島市aaaaaaaaaaaaaaaaaaaaで呼べるデリヘル｜対応店舗・ホテル情報","鹿児島「aaaaaaaaaaaaaaaaaaaa」で呼べる人気デリヘル店舗情報！交通費・ホテル一覧も掲載中！","鹿児島市aaaaaaaaaaaaaaaaaaaaで呼べるデリヘル","./imgHtml/new_202601/area/kagoshima-deliveryhealth-area-kotsukicho_1.jpg","未設定/未確認","aaaaaaaaaaaaaaaaaaaa","aaaaaaaaaaaaaaaaaaaa","PHP/HTML対応あり; placeholderあり; 画像パス切れ候補","あり","あり","あり","あり","あり","area_name_jp根拠: area.htmlリンク文字; meta keywordsなし; JSON-LD構文不正候補; Map placeholder"
"皇徳寺台","不明","koutokujidai","H:\Data\01_CTI\candy_HP\kagoshima-deliveryhealth-area-koutokujidai.php","H:\Data\01_CTI\candy_HP\source\kagoshima-deliveryhealth-area-koutokujidai.html","https://www.55810.com/kagoshima-deliveryhealth-area-koutokujidai.php","鹿児島市aaaaaaaaaaaaaaaaaaaaで呼べるデリヘル｜対応店舗・ホテル情報","鹿児島「aaaaaaaaaaaaaaaaaaaa」で呼べる人気デリヘル店舗情報！交通費・ホテル一覧も掲載中！","鹿児島市aaaaaaaaaaaaaaaaaaaaで呼べるデリヘル","./imgHtml/new_202601/area/kagoshima-deliveryhealth-area-koutokujidai_1.jpg","未設定/未確認","aaaaaaaaaaaaaaaaaaaa","aaaaaaaaaaaaaaaaaaaa","PHP/HTML対応あり; placeholderあり","あり","なし","あり","あり","あり","area_name_jp根拠: area.htmlリンク文字; meta keywordsなし; JSON-LD構文不正候補; Map placeholder"
"小山田町","不明","koyamadacho","H:\Data\01_CTI\candy_HP\kagoshima-deliveryhealth-area-koyamadacho.php","H:\Data\01_CTI\candy_HP\source\kagoshima-deliveryhealth-area-koyamadacho.html","https://www.55810.com/kagoshima-deliveryhealth-area-koyamadacho.php","鹿児島市aaaaaaaaaaaaaaaaaaaaで呼べるデリヘル｜対応店舗・ホテル情報","鹿児島「aaaaaaaaaaaaaaaaaaaa」で呼べる人気デリヘル店舗情報！交通費・ホテル一覧も掲載中！","鹿児島市aaaaaaaaaaaaaaaaaaaaで呼べるデリヘル","./imgHtml/new_202601/area/kagoshima-deliveryhealth-area-koyamadacho_1.jpg","未設定/未確認","aaaaaaaaaaaaaaaaaaaa","aaaaaaaaaaaaaaaaaaaa","PHP/HTML対応あり; placeholderあり","あり","なし","あり","あり","あり","area_name_jp根拠: area.htmlリンク文字; meta keywordsなし; JSON-LD構文不正候補; Map placeholder"
"向陽","不明","koyo","H:\Data\01_CTI\candy_HP\kagoshima-deliveryhealth-area-koyo.php","H:\Data\01_CTI\candy_HP\source\kagoshima-deliveryhealth-area-koyo.html","https://www.55810.com/kagoshima-deliveryhealth-area-koyo.php","鹿児島市aaaaaaaaaaaaaaaaaaaaで呼べるデリヘル｜対応店舗・ホテル情報","鹿児島「aaaaaaaaaaaaaaaaaaaa」で呼べる人気デリヘル店舗情報！交通費・ホテル一覧も掲載中！","鹿児島市aaaaaaaaaaaaaaaaaaaaで呼べるデリヘル","./imgHtml/new_202601/area/kagoshima-deliveryhealth-area-koyo_1.jpg","未設定/未確認","aaaaaaaaaaaaaaaaaaaa","aaaaaaaaaaaaaaaaaaaa","PHP/HTML対応あり; placeholderあり; 画像パス切れ候補","あり","あり","あり","あり","あり","area_name_jp根拠: area.htmlリンク文字; meta keywordsなし; JSON-LD構文不正候補; Map placeholder"
"永吉","不明","nagayoshi","H:\Data\01_CTI\candy_HP\kagoshima-deliveryhealth-area-nagayoshi.php","H:\Data\01_CTI\candy_HP\source\kagoshima-deliveryhealth-area-nagayoshi.html","https://www.55810.com/kagoshima-deliveryhealth-area-nagayoshi.php","鹿児島市永吉で呼べるデリヘル｜対応店舗・ホテル情報","鹿児島市「永吉」で呼べる人気デリヘル店舗情報！交通費・ホテル一覧も掲載中！","鹿児島市永吉で呼べるデリヘル","./imgHtml/new_202601/area/kagoshima-deliveryhealth-area-nagayoshi_1.jpg","./imgHtml/new_202601/shop/candy.jpg","https://www.google.com/maps/embed?pb=!1m18!1m12!1m3!1d9433.250625570347!2d130.52302466610126!3d31.603883029543972!2m3!1f0!2f0!3f0!3m2!1i1024!2i768!4f13.1!3m3!1m2!1s0x353e5d8b53c757d5%3A0x6463eb2e2a186201!2z44CSODkwLTAwMjMg6bm_5YWQ5bO255yM6bm_5YWQ5bO25biC5rC45ZCJ!5e1!3m2!1sja!2sjp!4v1774658448788!5m2!1sja!2sjp","鹿児島市永吉の地図","PHP/HTML対応あり; ローカル作成済み; 公開URL 404確認","なし","なし","あり","あり","あり","Text_area_data\永吉_テンプレート.txt反映; dataset_base.php反映済み; 本番反映は別工程"
"小原町","不明","obaracho","H:\Data\01_CTI\candy_HP\kagoshima-deliveryhealth-area-obaracho.php","H:\Data\01_CTI\candy_HP\source\kagoshima-deliveryhealth-area-obaracho.html","https://www.55810.com/kagoshima-deliveryhealth-area-obaracho.php","鹿児島市小原町で呼べるデリヘル｜対応店舗・ホテル情報","鹿児島市「小原町」で呼べる人気デリヘル店舗情報！交通費・ホテル一覧も掲載中！","鹿児島市小原町で呼べるデリヘル","./imgHtml/new_202601/area/kagoshima-deliveryhealth-area-obaracho_1.jpg","./imgHtml/new_202601/shop/candy.jpg","https://www.google.com/maps/embed?pb=!1m18!1m12!1m3!1d4808.769309954111!2d130.52462648136117!3d31.54301294967584!2m3!1f0!2f0!3f0!3m2!1i1024!2i768!4f13.1!3m3!1m2!1s0x353e669368cf1f1b%3A0x9d8ee6af4cbb23de!2z44CSODkxLTAxMTEg6bm_5YWQ5bO255yM6bm_5YWQ5bO25biC5bCP5Y6f55S6!5e0!3m2!1sja!2sjp!4v1772088775026!5m2!1sja!2sjp","鹿児島市小原町の地図","PHP/HTML対応あり; 確認済み","なし","なし","あり","あり","あり","meta keywordsなし"
"小川町","不明","ogawacho","H:\Data\01_CTI\candy_HP\kagoshima-deliveryhealth-area-ogawacho.php","H:\Data\01_CTI\candy_HP\source\kagoshima-deliveryhealth-area-ogawacho.html","https://www.55810.com/kagoshima-deliveryhealth-area-ogawacho.php","鹿児島市小川町で呼べるデリヘル｜対応店舗・ホテル情報","鹿児島市「小川町」で呼べる人気デリヘル店舗情報！交通費・ホテル一覧も掲載中！","鹿児島市小川町で呼べるデリヘル","./imgHtml/new_202601/area/kagoshima-deliveryhealth-area-ogawacho_1.jpg","./imgHtml/new_202601/shop/candy.jpg","https://www.google.com/maps/embed?pb=!1m18!1m12!1m3!1d4845.185872409508!2d130.5587184266448!3d31.599133243244697!2m3!1f0!2f0!3f0!3m2!1i1024!2i768!4f13.1!3m3!1m2!1s0x353e5e0f76c0fce3%3A0x1ee8dd91401708a1!2z44CSODkyLTA4MTcg6bm_5YWQ5bO255yM6bm_5YWQ5bO25biC5bCP5bed55S6!5e1!3m2!1sja!2sjp!4v1772149593466!5m2!1sja!2sjp","鹿児島市小川町の地図","PHP/HTML対応あり; 確認済み","なし","なし","あり","あり","あり","meta keywordsなし"
"岡之原町","不明","okanoharacho","H:\Data\01_CTI\candy_HP\kagoshima-deliveryhealth-area-okanoharacho.php","H:\Data\01_CTI\candy_HP\source\kagoshima-deliveryhealth-area-okanoharacho.html","https://www.55810.com/kagoshima-deliveryhealth-area-okanoharacho.php","鹿児島市岡之原町で呼べるデリヘル｜対応店舗・ホテル情報","鹿児島市「岡之原町」で呼べる人気デリヘル店舗情報！交通費・ホテル一覧も掲載中！","鹿児島市岡之原町で呼べるデリヘル","./imgHtml/new_202601/area/kagoshima-deliveryhealth-area-okanoharacho_1.jpg","./imgHtml/new_202601/shop/candy.jpg","https://www.google.com/maps/embed?pb=!1m18!1m12!1m3!1d3395.6921244949312!2d130.54822641174906!3d31.669641839643084!2m3!1f0!2f0!3f0!3m2!1i1024!2i768!4f13.1!3m3!1m2!1s0x353e5c1aafae2e33%3A0xb8944c435bca6dca!2z44CSODkxLTEyMDEg6bm_5YWQ5bO255yM6bm_5YWQ5bO25biC5bKh5LmL5Y6f55S6!5e0!3m2!1sja!2sjp!4v1772067771270!5m2!1sja!2sjp","鹿児島市岡之原町の地図","PHP/HTML対応あり; 確認済み","なし","なし","あり","あり","あり","meta keywordsなし"
"小野","不明","ono","H:\Data\01_CTI\candy_HP\kagoshima-deliveryhealth-area-ono.php","H:\Data\01_CTI\candy_HP\source\kagoshima-deliveryhealth-area-ono.html","https://www.55810.com/kagoshima-deliveryhealth-area-ono.php","鹿児島市小野で呼べるデリヘル｜対応店舗・ホテル情報","鹿児島市「小野」で呼べる人気デリヘル店舗情報！交通費・ホテル一覧も掲載中！","鹿児島「小野」で呼べるデリヘル","./imgHtml/new_202601/area/kagoshima-deliveryhealth-area-ono_1.jpg","./imgHtml/new_202601/shop/candy.jpg","https://www.google.com/maps/embed?pb=!1m18!1m12!1m3!1d16546.604669395307!2d130.50687830882168!3d31.611790258882927!2m3!1f0!2f0!3f0!3m2!1i1024!2i768!4f13.1!3m3!1m2!1s0x353e5d838c8cc33d%3A0x498b298807c8d619!2z44CSODkwLTAwMjEg6bm_5YWQ5bO255yM6bm_5YWQ5bO25biC5bCP6YeO!5e1!3m2!1sja!2sjp!4v1772000499284!5m2!1sja!2sjp","鹿児島市小野の地図","PHP/HTML対応あり; 確認済み","なし","なし","あり","あり","あり","meta keywordsなし"
"不明","不明","oroshihommachi","H:\Data\01_CTI\candy_HP\kagoshima-deliveryhealth-area-oroshihommachi.php","H:\Data\01_CTI\candy_HP\source\kagoshima-deliveryhealth-area-oroshihommachi.html","https://www.55810.com/kagoshima-deliveryhealth-area-oroshihommachi.php","鹿児島市aaaaaaaaaaaaaaaaaaaaで呼べるデリヘル｜対応店舗・ホテル情報","鹿児島「aaaaaaaaaaaaaaaaaaaa」で呼べる人気デリヘル店舗情報！交通費・ホテル一覧も掲載中！","鹿児島市aaaaaaaaaaaaaaaaaaaaで呼べるデリヘル","./imgHtml/new_202601/area/kagoshima-deliveryhealth-area-oroshihommachi_1.jpg","未設定/未確認","aaaaaaaaaaaaaaaaaaaa","aaaaaaaaaaaaaaaaaaaa","PHP/HTML対応あり; placeholderあり; 画像パス切れ候補","あり","あり","あり","あり","あり","area_name_jp根拠: 不明; meta keywordsなし; JSON-LD構文不正候補; Map placeholder"
"坂元町","不明","sakamotocho","H:\Data\01_CTI\candy_HP\kagoshima-deliveryhealth-area-sakamotocho.php","H:\Data\01_CTI\candy_HP\source\kagoshima-deliveryhealth-area-sakamotocho.html","https://www.55810.com/kagoshima-deliveryhealth-area-sakamotocho.php","鹿児島市aaaaaaaaaaaaaaaaaaaaで呼べるデリヘル｜対応店舗・ホテル情報","鹿児島「aaaaaaaaaaaaaaaaaaaa」で呼べる人気デリヘル店舗情報！交通費・ホテル一覧も掲載中！","鹿児島市aaaaaaaaaaaaaaaaaaaaで呼べるデリヘル","./imgHtml/new_202601/area/kagoshima-deliveryhealth-area-sakamotocho_1.jpg","未設定/未確認","aaaaaaaaaaaaaaaaaaaa","aaaaaaaaaaaaaaaaaaaa","PHP/HTML対応あり; placeholderあり","あり","なし","あり","あり","あり","area_name_jp根拠: area.htmlリンク文字; meta keywordsなし; JSON-LD構文不正候補; Map placeholder"
"坂之上","不明","sakanoue","H:\Data\01_CTI\candy_HP\kagoshima-deliveryhealth-area-sakanoue.php","H:\Data\01_CTI\candy_HP\source\kagoshima-deliveryhealth-area-sakanoue.html","https://www.55810.com/kagoshima-deliveryhealth-area-sakanoue.php","鹿児島市aaaaaaaaaaaaaaaaaaaaで呼べるデリヘル｜対応店舗・ホテル情報","鹿児島「aaaaaaaaaaaaaaaaaaaa」で呼べる人気デリヘル店舗情報！交通費・ホテル一覧も掲載中！","鹿児島市aaaaaaaaaaaaaaaaaaaaで呼べるデリヘル","./imgHtml/new_202601/area/kagoshima-deliveryhealth-area-sakanoue_1.jpg","未設定/未確認","aaaaaaaaaaaaaaaaaaaa","aaaaaaaaaaaaaaaaaaaa","PHP/HTML対応あり; placeholderあり","あり","なし","あり","あり","あり","area_name_jp根拠: area.htmlリンク文字; meta keywordsなし; JSON-LD構文不正候補; Map placeholder"
"桜ヶ丘","不明","sakuragaoka","H:\Data\01_CTI\candy_HP\kagoshima-deliveryhealth-area-sakuragaoka.php","H:\Data\01_CTI\candy_HP\source\kagoshima-deliveryhealth-area-sakuragaoka.html","https://www.55810.com/kagoshima-deliveryhealth-area-sakuragaoka.php","鹿児島市aaaaaaaaaaaaaaaaaaaaで呼べるデリヘル｜対応店舗・ホテル情報","鹿児島「aaaaaaaaaaaaaaaaaaaa」で呼べる人気デリヘル店舗情報！交通費・ホテル一覧も掲載中！","鹿児島市aaaaaaaaaaaaaaaaaaaaで呼べるデリヘル","./imgHtml/new_202601/area/kagoshima-deliveryhealth-area-sakuragaoka_1.jpg","未設定/未確認","aaaaaaaaaaaaaaaaaaaa","aaaaaaaaaaaaaaaaaaaa","PHP/HTML対応あり; placeholderあり","あり","なし","あり","あり","あり","area_name_jp根拠: area.htmlリンク文字; meta keywordsなし; JSON-LD構文不正候補; Map placeholder"
"不明","不明","sanwacho","H:\Data\01_CTI\candy_HP\kagoshima-deliveryhealth-area-sanwacho.php","H:\Data\01_CTI\candy_HP\source\kagoshima-deliveryhealth-area-sanwacho.html","https://www.55810.com/kagoshima-deliveryhealth-area-sanwacho.php","鹿児島市aaaaaaaaaaaaaaaaaaaaで呼べるデリヘル｜対応店舗・ホテル情報","鹿児島「aaaaaaaaaaaaaaaaaaaa」で呼べる人気デリヘル店舗情報！交通費・ホテル一覧も掲載中！","鹿児島市aaaaaaaaaaaaaaaaaaaaで呼べるデリヘル","./imgHtml/new_202601/area/kagoshima-deliveryhealth-area-sanwacho_1.jpg","未設定/未確認","aaaaaaaaaaaaaaaaaaaa","aaaaaaaaaaaaaaaaaaaa","PHP/HTML対応あり; placeholderあり; 画像パス切れ候補","あり","あり","あり","あり","あり","area_name_jp根拠: 不明; meta keywordsなし; JSON-LD構文不正候補; Map placeholder"
"清水町","不明","shimizucho","H:\Data\01_CTI\candy_HP\kagoshima-deliveryhealth-area-shimizucho.php","不明","/kagoshima-deliveryhealth-area-shimizucho.php","不明","不明","不明","未設定/未確認","未設定/未確認","未設定/未確認","未設定/未確認","source HTMLなし; 未確認","なし","なし","なし","なし","なし","area_name_jp根拠: area.htmlリンク文字; meta keywordsなし; HTML未確認"
"下荒田","不明","shimoarata","H:\Data\01_CTI\candy_HP\kagoshima-deliveryhealth-area-shimoarata.php","H:\Data\01_CTI\candy_HP\source\kagoshima-deliveryhealth-area-shimoarata.html","https://www.55810.com/kagoshima-deliveryhealth-area-shimoarata.php","鹿児島市下荒田で呼べるデリヘル｜対応店舗・ホテル情報","鹿児島市「下荒田」で呼べる人気デリヘル店舗情報！交通費・ホテル一覧も掲載中！","鹿児島市下荒田で呼べるデリヘル","./imgHtml/new_202601/area/kagoshima-deliveryhealth-area-shimoarata_1.jpg","./imgHtml/new_202601/shop/candy.jpg","https://www.google.com/maps/embed?pb=!1m18!1m12!1m3!1d8110.93004605155!2d130.5541656960134!3d31.570818871300105!2m3!1f0!2f0!3f0!3m2!1i1024!2i768!4f13.1!3m3!1m2!1s0x353e60b598c6f755%3A0x9ad78e26f24701b8!2z44CSODkwLTAwNTYg6bm_5YWQ5bO255yM6bm_5YWQ5bO25biC5LiL6I2S55Sw!5e0!3m2!1sja!2sjp!4v1772870057883!5m2!1sja!2sjp","鹿児島市下荒田の地図","PHP/HTML対応あり; 画像パス切れ候補","なし","あり","あり","あり","あり","meta keywordsなし"
"下福元町","不明","shimofukumotocho","H:\Data\01_CTI\candy_HP\kagoshima-deliveryhealth-area-shimofukumotocho.php","H:\Data\01_CTI\candy_HP\source\kagoshima-deliveryhealth-area-shimofukumotocho.html","https://www.55810.com/kagoshima-deliveryhealth-area-shimofukumotocho.php","鹿児島市aaaaaaaaaaaaaaaaaaaaで呼べるデリヘル｜対応店舗・ホテル情報","鹿児島「aaaaaaaaaaaaaaaaaaaa」で呼べる人気デリヘル店舗情報！交通費・ホテル一覧も掲載中！","鹿児島市aaaaaaaaaaaaaaaaaaaaで呼べるデリヘル","./imgHtml/new_202601/area/kagoshima-deliveryhealth-area-shimofukumotocho_1.jpg","未設定/未確認","aaaaaaaaaaaaaaaaaaaa","aaaaaaaaaaaaaaaaaaaa","PHP/HTML対応あり; placeholderあり; 画像パス切れ候補","あり","あり","あり","あり","あり","area_name_jp根拠: area.htmlリンク文字; meta keywordsなし; JSON-LD構文不正候補; Map placeholder"
"下伊敷","不明","shimoishiki","H:\Data\01_CTI\candy_HP\kagoshima-deliveryhealth-area-shimoishiki.php","H:\Data\01_CTI\candy_HP\source\kagoshima-deliveryhealth-area-shimoishiki.html","https://www.55810.com/kagoshima-deliveryhealth-area-shimoishiki.php","鹿児島市下伊敷で呼べるデリヘル｜対応店舗・ホテル情報","鹿児島市「下伊敷」で呼べる人気デリヘル店舗情報！交通費・ホテル一覧も掲載中！","鹿児島市下伊敷で呼べるデリヘル","./imgHtml/new_202601/area/kagoshima-deliveryhealth-area-shimoishiki_1.jpg","./imgHtml/new_202601/shop/candy.jpg","https://www.google.com/maps/embed?pb=!1m18!1m12!1m3!1d6795.211438876368!2d130.53145106920107!3d31.617261896247918!2m3!1f0!2f0!3f0!3m2!1i1024!2i768!4f13.1!3m3!1m2!1s0x353e5dc1df276ae3%3A0xe90d7c81c454a71e!2z44CSODkwLTAwMDUg6bm_5YWQ5bO255yM6bm_5YWQ5bO25biC5LiL5LyK5pW3!5e0!3m2!1sja!2sjp!4v1772873371198!5m2!1sja!2sjp","鹿児島市下伊敷の地図","PHP/HTML対応あり; 画像パス切れ候補","なし","あり","あり","あり","あり","meta keywordsなし"
"下伊敷町","不明","shimoishikicho","H:\Data\01_CTI\candy_HP\kagoshima-deliveryhealth-area-shimoishikicho.php","H:\Data\01_CTI\candy_HP\source\kagoshima-deliveryhealth-area-shimoishikicho.html","https://www.55810.com/kagoshima-deliveryhealth-area-shimoishikicho.php","鹿児島市下伊敷町で呼べるデリヘル｜対応店舗・ホテル情報","鹿児島市「下伊敷町」で呼べる人気デリヘル店舗情報！交通費・ホテル一覧も掲載中！","鹿児島市下伊敷町で呼べるデリヘル","./imgHtml/new_202601/area/kagoshima-deliveryhealth-area-shimoishikicho_1.jpg","./imgHtml/new_202601/shop/candy.jpg","https://www.google.com/maps/embed?pb=!1m18!1m12!1m3!1d4773.645559475695!2d130.54314146297227!3d31.628078653042248!2m3!1f0!2f0!3f0!3m2!1i1024!2i768!4f13.1!3m3!1m2!1s0x353e5dd471e35a85%3A0x11c58a1de9bf2eee!2z44CSODkwLTAwMDQg6bm_5YWQ5bO255yM6bm_5YWQ5bO25biC5LiL5LyK5pW355S6!5e0!3m2!1sja!2sjp!4v1773017666206!5m2!1sja!2sjp","鹿児島市下伊敷町の地図","PHP/HTML対応あり; 画像パス切れ候補","なし","あり","あり","あり","あり","meta keywordsなし"
"下田町","不明","shimotacho","H:\Data\01_CTI\candy_HP\kagoshima-deliveryhealth-area-shimotacho.php","H:\Data\01_CTI\candy_HP\source\kagoshima-deliveryhealth-area-shimotacho.html","https://www.55810.com/kagoshima-deliveryhealth-area-shimotacho.php","鹿児島市下田町で呼べるデリヘル｜対応店舗・ホテル情報","鹿児島市「下田町」で呼べる人気デリヘル店舗情報！交通費・ホテル一覧も掲載中！","鹿児島市下田町で呼べるデリヘル","./imgHtml/new_202601/area/kagoshima-deliveryhealth-area-shimotacho_1.jpg","./imgHtml/new_202601/shop/candy.jpg","https://www.google.com/maps/embed?pb=!1m18!1m12!1m3!1d13587.161238033123!2d130.54208846709832!3d31.639591234827126!2m3!1f0!2f0!3f0!3m2!1i1024!2i768!4f13.1!3m3!1m2!1s0x353e5c27fd49f44d%3A0xb1560d3bd13fe2e3!2z44CSODkyLTA4NzMg6bm_5YWQ5bO255yM6bm_5YWQ5bO25biC5LiL55Sw55S6!5e0!3m2!1sja!2sjp!4v1773019099197!5m2!1sja!2sjp","鹿児島市下田町の地図","PHP/HTML対応あり; source HTML完成更新済み; 本番URL404確認","なし","なし","あり","あり","あり","Text_area_data\下田町_テンプレート.txt反映; JSON-LD再作成済み; ローカル画像2点あり; 本番ページ/画像は未反映"
"不明","不明","shimotatsuocho","H:\Data\01_CTI\candy_HP\kagoshima-deliveryhealth-area-shimotatsuocho.php","H:\Data\01_CTI\candy_HP\source\kagoshima-deliveryhealth-area-shimotatsuocho.html","https://www.55810.com/kagoshima-deliveryhealth-area-shimotatsuocho.php","鹿児島市aaaaaaaaaaaaaaaaaaaaで呼べるデリヘル｜対応店舗・ホテル情報","鹿児島「aaaaaaaaaaaaaaaaaaaa」で呼べる人気デリヘル店舗情報！交通費・ホテル一覧も掲載中！","鹿児島市aaaaaaaaaaaaaaaaaaaaで呼べるデリヘル","./imgHtml/new_202601/area/kagoshima-deliveryhealth-area-shimotatsuocho_1.jpg","未設定/未確認","aaaaaaaaaaaaaaaaaaaa","aaaaaaaaaaaaaaaaaaaa","PHP/HTML対応あり; placeholderあり; 画像パス切れ候補","あり","あり","あり","あり","あり","area_name_jp根拠: 不明; meta keywordsなし; JSON-LD構文不正候補; Map placeholder"
"上荒田町","不明","uearatacho","H:\Data\01_CTI\candy_HP\kagoshima-deliveryhealth-area-uearatacho.php","H:\Data\01_CTI\candy_HP\source\kagoshima-deliveryhealth-area-uearatacho.html","https://www.55810.com/kagoshima-deliveryhealth-area-uearatacho.php","鹿児島市上荒田町で呼べるデリヘル｜対応店舗・ホテル情報","鹿児島市「上荒田町」で呼べる人気デリヘル店舗情報！交通費・ホテル一覧も掲載中！","鹿児島市上荒田町で呼べるデリヘル","./imgHtml/new_202601/area/kagoshima-deliveryhealth-area-uearatacho_1.jpg","./imgHtml/new_202601/shop/candy.jpg","https://www.google.com/maps/embed?pb=!1m18!1m12!1m3!1d6798.29868139838!2d130.5414691455092!3d31.574952323891235!2m3!1f0!2f0!3f0!3m2!1i1024!2i768!4f13.1!3m3!1m2!1s0x353e673837ec700f%3A0xcd3b22d23e0ece40!2z44CSODkwLTAwNTUg6bm_5YWQ5bO255yM6bm_5YWQ5bO25biC5LiK6I2S55Sw55S6!5e0!3m2!1sja!2sjp!4v1772071748061!5m2!1sja!2sjp","鹿児島市上荒田町の地図","PHP/HTML対応あり; 確認済み","なし","なし","あり","あり","あり","meta keywordsなし"
"上之園町","不明","uenosonocho","H:\Data\01_CTI\candy_HP\kagoshima-deliveryhealth-area-uenosonocho.php","H:\Data\01_CTI\candy_HP\source\kagoshima-deliveryhealth-area-uenosonocho.html","https://www.55810.com/kagoshima-deliveryhealth-area-uenosonocho.php","鹿児島市上之園町で呼べるデリヘル｜対応店舗・ホテル情報","鹿児島市「上之園町」で呼べる人気デリヘル店舗情報！交通費・ホテル一覧も掲載中！","鹿児島市上之園町で呼べるデリヘル","./imgHtml/new_202601/area/kagoshima-deliveryhealth-area-uenosonocho_1.jpg","./imgHtml/new_202601/shop/candy.jpg","https://www.google.com/maps/embed?pb=!1m18!1m12!1m3!1d3398.9275366174434!2d130.54412931174687!3d31.58103494403386!2m3!1f0!2f0!3f0!3m2!1i1024!2i768!4f13.1!3m3!1m2!1s0x353e674ec3c423e7%3A0x665055e7aa6868ab!2z44CSODkwLTAwNTIg6bm_5YWQ5bO255yM6bm_5YWQ5bO25biC5LiK5LmL5ZyS55S6!5e0!3m2!1sja!2sjp!4v1772072856114!5m2!1sja!2sjp","鹿児島市上之園町の地図","PHP/HTML対応あり; 確認済み","なし","なし","あり","あり","あり","meta keywordsなし"
"魚見町","不明","uomicho","H:\Data\01_CTI\candy_HP\kagoshima-deliveryhealth-area-uomicho.php","H:\Data\01_CTI\candy_HP\source\kagoshima-deliveryhealth-area-uomicho.html","https://www.55810.com/kagoshima-deliveryhealth-area-uomicho.php","鹿児島市魚見町で呼べるデリヘル｜対応店舗・ホテル情報","鹿児島市「魚見町」で呼べる人気デリヘル店舗情報！交通費・ホテル一覧も掲載中！","鹿児島市魚見町で呼べるデリヘル","./imgHtml/new_202601/area/kagoshima-deliveryhealth-area-uomicho_1.jpg","./imgHtml/new_202601/shop/candy.jpg","https://www.google.com/maps/embed?pb=!1m18!1m12!1m3!1d6800.764467761443!2d130.5172513171262!3d31.541123040220594!2m3!1f0!2f0!3f0!3m2!1i1024!2i768!4f13.1!3m3!1m2!1s0x353e668e0515a71d%3A0xcbc6ad3ca3a88f1f!2z44CSODkxLTAxMTIg6bm_5YWQ5bO255yM6bm_5YWQ5bO25biC6a2a6KaL55S6!5e0!3m2!1sja!2sjp!4v1772068796013!5m2!1sja!2sjp","鹿児島市魚見町の地図","PHP/HTML対応あり; 確認済み","なし","なし","あり","あり","あり","meta keywordsなし"
"宇宿","不明","usuki","H:\Data\01_CTI\candy_HP\kagoshima-deliveryhealth-area-usuki.php","H:\Data\01_CTI\candy_HP\source\kagoshima-deliveryhealth-area-usuki.html","https://www.55810.com/kagoshima-deliveryhealth-area-usuki.php","鹿児島市宇宿で呼べるデリヘル｜対応店舗・ホテル情報","鹿児島市「宇宿」で呼べる人気デリヘル店舗情報！交通費・ホテル一覧も掲載中！","鹿児島市宇宿で呼べるデリヘル","./imgHtml/new_202601/area/kagoshima-deliveryhealth-area-usuki_1.jpg","./imgHtml/new_202601/shop/candy.jpg","https://www.google.com/maps/embed?pb=!1m18!1m12!1m3!1d13600.085627054079!2d130.53013086439435!3d31.55102712115327!2m3!1f0!2f0!3f0!3m2!1i1024!2i768!4f13.1!3m3!1m2!1s0x353e66c681243689%3A0x80001458d2868f35!2z44CSODkwLTAwNzMg6bm_5YWQ5bO255yM6bm_5YWQ5bO25biC5a6H5a6_!5e0!3m2!1sja!2sjp!4v1772066047749!5m2!1sja!2sjp","鹿児島市宇宿の地図","PHP/HTML対応あり; placeholderあり","あり","なし","あり","あり","あり","meta keywordsなし"
"薬師","不明","yakushi","H:\Data\01_CTI\candy_HP\kagoshima-deliveryhealth-area-yakushi.php","H:\Data\01_CTI\candy_HP\source\kagoshima-deliveryhealth-area-yakushi.html","https://www.55810.com/kagoshima-deliveryhealth-area-yakushi.php","鹿児島市薬師で呼べるデリヘル｜対応店舗・ホテル情報","鹿児島市「薬師」で呼べる人気デリヘル店舗情報！交通費・ホテル一覧も掲載中！","鹿児島市薬師で呼べるデリヘル","./imgHtml/new_202601/area/kagoshima-deliveryhealth-area-yakushi_1.jpg","./imgHtml/new_202601/shop/candy.jpg","https://www.google.com/maps/embed?pb=!1m18!1m12!1m3!1d4832.302725395726!2d130.53542181232945!3d31.591589374073905!2m3!1f0!2f0!3f0!3m2!1i1024!2i768!4f13.1!3m3!1m2!1s0x353e675c751b91d1%3A0xafdeb5aecff0c2a2!2z44CSODkwLTAwNDIg6bm_5YWQ5bO255yM6bm_5YWQ5bO25biC6Jas5bir!5e1!3m2!1sja!2sjp!4v1772155586174!5m2!1sja!2sjp","鹿児島市薬師の地図","PHP/HTML対応あり; 画像パス切れ候補","なし","あり","あり","あり","あり","meta keywordsなし"
"易居町","不明","yasuicho","H:\Data\01_CTI\candy_HP\kagoshima-deliveryhealth-area-yasuicho.php","H:\Data\01_CTI\candy_HP\source\kagoshima-deliveryhealth-area-yasuicho.html","https://www.55810.com/kagoshima-deliveryhealth-area-yasuicho.php","鹿児島市易居町で呼べるデリヘル｜対応店舗・ホテル情報","鹿児島「易居町」で呼べる人気デリヘル店舗情報！交通費・ホテル一覧も掲載中！","鹿児島市易居町で呼べるデリヘル","./imgHtml/new_202601/area/kagoshima-deliveryhealth-area-yasuicho_1.jpg","./imgHtml/new_202601/shop/candy.jpg","https://www.google.com/maps/embed?pb=!1m18!1m12!1m3!1d2404.9486729000027!2d130.55873528899278!3d31.597001378129217!2m3!1f0!2f0!3f0!3m2!1i1024!2i768!4f13.1!3m3!1m2!1s0x353e5e05b982dc3b%3A0xc0f8fbf402a1b5c1!2z44CSODkyLTA4MTUg6bm_5YWQ5bO255yM6bm_5YWQ5bO25biC5piT5bGF55S6!5e1!3m2!1sja!2sjp!4v1772009544695!5m2!1sja!2sjp","鹿児島市易居町の地図","PHP/HTML対応あり; 画像パス切れ候補","なし","あり","あり","あり","あり","meta keywordsなし"
